region,gender,count,year,age_band
서울중앙,남,31241,2005,10대
서울중앙,여,16265,2005,10대
서울서부,남,28189,2005,10대
서울서부,여,8755,2005,10대
서울남부,남,29271,2005,10대
서울남부,여,12243,2005,10대
서울동부,남,45885,2005,10대
서울동부,여,18640,2005,10대
부산,남,39611,2005,10대
부산,여,23726,2005,10대
대구·경북,남,45536,2005,10대
대구·경북,여,22931,2005,10대
인천,남,32934,2005,10대
인천,여,22478,2005,10대
울산,남,17197,2005,10대
울산,여,9340,2005,10대
경기,남,28680,2005,10대
경기,여,9173,2005,10대
강원,남,14495,2005,10대
강원,여,3245,2005,10대
충북,남,18615,2005,10대
충북,여,9294,2005,10대
대전·세종·충남,남,51247,2005,10대
대전·세종·충남,여,10359,2005,10대
전북,남,32553,2005,10대
전북,여,15191,2005,10대
광주·전남,남,37702,2005,10대
광주·전남,여,23483,2005,10대
경남,남,25602,2005,10대
경남,여,6215,2005,10대
제주,남,5182,2005,10대
제주,여,3319,2005,10대
서울중앙,남,110065,2005,20대
서울중앙,여,19877,2005,20대
서울서부,남,61835,2005,20대
서울서부,여,8547,2005,20대
서울남부,남,89573,2005,20대
서울남부,여,14379,2005,20대
서울동부,남,88682,2005,20대
서울동부,여,12796,2005,20대
부산,남,87189,2005,20대
부산,여,22468,2005,20대
대구·경북,남,69397,2005,20대
대구·경북,여,20176,2005,20대
인천,남,40707,2005,20대
인천,여,12393,2005,20대
울산,남,27705,2005,20대
울산,여,5994,2005,20대
경기,남,54037,2005,20대
경기,여,9181,2005,20대
강원,남,54040,2005,20대
강원,여,3293,2005,20대
충북,남,33133,2005,20대
충북,여,6260,2005,20대
대전·세종·충남,남,71747,2005,20대
대전·세종·충남,여,8582,2005,20대
전북,남,47485,2005,20대
전북,여,8740,2005,20대
광주·전남,남,64732,2005,20대
광주·전남,여,14727,2005,20대
경남,남,44550,2005,20대
경남,여,4782,2005,20대
제주,남,13817,2005,20대
제주,여,2658,2005,20대
서울중앙,남,19642,2005,30대
서울중앙,여,3105,2005,30대
서울서부,남,16888,2005,30대
서울서부,여,1630,2005,30대
서울남부,남,21314,2005,30대
서울남부,여,2742,2005,30대
서울동부,남,15810,2005,30대
서울동부,여,3273,2005,30대
부산,남,28024,2005,30대
부산,여,2504,2005,30대
대구·경북,남,22100,2005,30대
대구·경북,여,2552,2005,30대
인천,남,11368,2005,30대
인천,여,2442,2005,30대
울산,남,11452,2005,30대
울산,여,1005,2005,30대
경기,남,26046,2005,30대
경기,여,1747,2005,30대
강원,남,4314,2005,30대
강원,여,646,2005,30대
충북,남,5815,2005,30대
충북,여,697,2005,30대
대전·세종·충남,남,11076,2005,30대
대전·세종·충남,여,1068,2005,30대
전북,남,11626,2005,30대
전북,여,1028,2005,30대
광주·전남,남,21789,2005,30대
광주·전남,여,2577,2005,30대
경남,남,12906,2005,30대
경남,여,872,2005,30대
제주,남,4490,2005,30대
제주,여,484,2005,30대
서울중앙,남,6716,2005,40대
서울중앙,여,1169,2005,40대
서울서부,남,5436,2005,40대
서울서부,여,608,2005,40대
서울남부,남,7303,2005,40대
서울남부,여,1139,2005,40대
서울동부,남,6205,2005,40대
서울동부,여,1729,2005,40대
부산,남,6301,2005,40대
부산,여,1082,2005,40대
대구·경북,남,7423,2005,40대
대구·경북,여,1375,2005,40대
인천,남,4456,2005,40대
인천,여,1210,2005,40대
울산,남,4523,2005,40대
울산,여,495,2005,40대
경기,남,7074,2005,40대
경기,여,708,2005,40대
강원,남,2068,2005,40대
강원,여,361,2005,40대
충북,남,2539,2005,40대
충북,여,286,2005,40대
대전·세종·충남,남,4948,2005,40대
대전·세종·충남,여,521,2005,40대
전북,남,2908,2005,40대
전북,여,430,2005,40대
광주·전남,남,6316,2005,40대
광주·전남,여,1306,2005,40대
경남,남,4282,2005,40대
경남,여,385,2005,40대
제주,남,1184,2005,40대
제주,여,216,2005,40대
서울중앙,남,1974,2005,50대
서울중앙,여,343,2005,50대
서울서부,남,1401,2005,50대
서울서부,여,175,2005,50대
서울남부,남,2296,2005,50대
서울남부,여,362,2005,50대
서울동부,남,1910,2005,50대
서울동부,여,389,2005,50대
부산,남,1860,2005,50대
부산,여,292,2005,50대
대구·경북,남,2137,2005,50대
대구·경북,여,382,2005,50대
인천,남,982,2005,50대
인천,여,231,2005,50대
울산,남,929,2005,50대
울산,여,86,2005,50대
경기,남,1515,2005,50대
경기,여,119,2005,50대
강원,남,534,2005,50대
강원,여,61,2005,50대
충북,남,601,2005,50대
충북,여,61,2005,50대
대전·세종·충남,남,1439,2005,50대
대전·세종·충남,여,134,2005,50대
전북,남,848,2005,50대
전북,여,64,2005,50대
광주·전남,남,1395,2005,50대
광주·전남,여,177,2005,50대
경남,남,850,2005,50대
경남,여,82,2005,50대
제주,남,264,2005,50대
제주,여,29,2005,50대
서울중앙,남,186,2005,60대
서울중앙,여,23,2005,60대
서울서부,남,108,2005,60대
서울서부,여,7,2005,60대
서울남부,남,217,2005,60대
서울남부,여,26,2005,60대
서울동부,남,192,2005,60대
서울동부,여,28,2005,60대
부산,남,149,2005,60대
부산,여,18,2005,60대
대구·경북,남,110,2005,60대
대구·경북,여,33,2005,60대
인천,남,68,2005,60대
인천,여,5,2005,60대
울산,남,22,2005,60대
울산,여,2,2005,60대
경기,남,64,2005,60대
경기,여,18,2005,60대
강원,남,57,2005,60대
강원,여,8,2005,60대
충북,남,49,2005,60대
충북,여,1,2005,60대
대전·세종·충남,남,173,2005,60대
대전·세종·충남,여,18,2005,60대
전북,남,37,2005,60대
전북,여,3,2005,60대
광주·전남,남,116,2005,60대
광주·전남,여,30,2005,60대
경남,남,35,2005,60대
경남,여,2,2005,60대
제주,남,31,2005,60대
제주,여,0,2005,60대
서울중앙,남,36196,2006,10대
서울중앙,여,18787,2006,10대
서울서부,남,31765,2006,10대
서울서부,여,11474,2006,10대
서울남부,남,31366,2006,10대
서울남부,여,13739,2006,10대
서울동부,남,44189,2006,10대
서울동부,여,26547,2006,10대
부산,남,44939,2006,10대
부산,여,25786,2006,10대
대구·경북,남,45027,2006,10대
대구·경북,여,24941,2006,10대
인천,남,30020,2006,10대
인천,여,20346,2006,10대
울산,남,16839,2006,10대
울산,여,9215,2006,10대
경기,남,36689,2006,10대
경기,여,13426,2006,10대
강원,남,11135,2006,10대
강원,여,4032,2006,10대
충북,남,18841,2006,10대
충북,여,9727,2006,10대
대전·세종·충남,남,38149,2006,10대
대전·세종·충남,여,16832,2006,10대
전북,남,31187,2006,10대
전북,여,18539,2006,10대
광주·전남,남,47173,2006,10대
광주·전남,여,31464,2006,10대
경남,남,25768,2006,10대
경남,여,8199,2006,10대
제주,남,5508,2006,10대
제주,여,3106,2006,10대
서울중앙,남,105762,2006,20대
서울중앙,여,23697,2006,20대
서울서부,남,57228,2006,20대
서울서부,여,9937,2006,20대
서울남부,남,84777,2006,20대
서울남부,여,19156,2006,20대
서울동부,남,77796,2006,20대
서울동부,여,16040,2006,20대
부산,남,86243,2006,20대
부산,여,21942,2006,20대
대구·경북,남,67990,2006,20대
대구·경북,여,20063,2006,20대
인천,남,39369,2006,20대
인천,여,10104,2006,20대
울산,남,32999,2006,20대
울산,여,6252,2006,20대
경기,남,47634,2006,20대
경기,여,9844,2006,20대
강원,남,49728,2006,20대
강원,여,3714,2006,20대
충북,남,33616,2006,20대
충북,여,6335,2006,20대
대전·세종·충남,남,59311,2006,20대
대전·세종·충남,여,11175,2006,20대
전북,남,43893,2006,20대
전북,여,9325,2006,20대
광주·전남,남,73145,2006,20대
광주·전남,여,19411,2006,20대
경남,남,43464,2006,20대
경남,여,5379,2006,20대
제주,남,12836,2006,20대
제주,여,2058,2006,20대
서울중앙,남,22302,2006,30대
서울중앙,여,3549,2006,30대
서울서부,남,17157,2006,30대
서울서부,여,2105,2006,30대
서울남부,남,24215,2006,30대
서울남부,여,3555,2006,30대
서울동부,남,18773,2006,30대
서울동부,여,4131,2006,30대
부산,남,19898,2006,30대
부산,여,2932,2006,30대
대구·경북,남,17115,2006,30대
대구·경북,여,2473,2006,30대
인천,남,11616,2006,30대
인천,여,2307,2006,30대
울산,남,8965,2006,30대
울산,여,1134,2006,30대
경기,남,21101,2006,30대
경기,여,2340,2006,30대
강원,남,4147,2006,30대
강원,여,677,2006,30대
충북,남,5874,2006,30대
충북,여,725,2006,30대
대전·세종·충남,남,11655,2006,30대
대전·세종·충남,여,1298,2006,30대
전북,남,9594,2006,30대
전북,여,1372,2006,30대
광주·전남,남,15822,2006,30대
광주·전남,여,3029,2006,30대
경남,남,12180,2006,30대
경남,여,980,2006,30대
제주,남,3824,2006,30대
제주,여,564,2006,30대
서울중앙,남,7741,2006,40대
서울중앙,여,1214,2006,40대
서울서부,남,6101,2006,40대
서울서부,여,760,2006,40대
서울남부,남,8331,2006,40대
서울남부,여,1360,2006,40대
서울동부,남,7462,2006,40대
서울동부,여,2263,2006,40대
부산,남,6858,2006,40대
부산,여,1261,2006,40대
대구·경북,남,7369,2006,40대
대구·경북,여,1299,2006,40대
인천,남,4670,2006,40대
인천,여,1142,2006,40대
울산,남,4881,2006,40대
울산,여,500,2006,40대
경기,남,7618,2006,40대
경기,여,1007,2006,40대
강원,남,1996,2006,40대
강원,여,404,2006,40대
충북,남,2681,2006,40대
충북,여,352,2006,40대
대전·세종·충남,남,5777,2006,40대
대전·세종·충남,여,698,2006,40대
전북,남,3135,2006,40대
전북,여,492,2006,40대
광주·전남,남,6632,2006,40대
광주·전남,여,1478,2006,40대
경남,남,4989,2006,40대
경남,여,406,2006,40대
제주,남,1228,2006,40대
제주,여,247,2006,40대
서울중앙,남,2316,2006,50대
서울중앙,여,310,2006,50대
서울서부,남,1690,2006,50대
서울서부,여,212,2006,50대
서울남부,남,2487,2006,50대
서울남부,여,490,2006,50대
서울동부,남,2364,2006,50대
서울동부,여,574,2006,50대
부산,남,2165,2006,50대
부산,여,349,2006,50대
대구·경북,남,2205,2006,50대
대구·경북,여,328,2006,50대
인천,남,1095,2006,50대
인천,여,235,2006,50대
울산,남,1173,2006,50대
울산,여,103,2006,50대
경기,남,1779,2006,50대
경기,여,160,2006,50대
강원,남,622,2006,50대
강원,여,69,2006,50대
충북,남,721,2006,50대
충북,여,82,2006,50대
대전·세종·충남,남,1602,2006,50대
대전·세종·충남,여,165,2006,50대
전북,남,934,2006,50대
전북,여,73,2006,50대
광주·전남,남,1458,2006,50대
광주·전남,여,207,2006,50대
경남,남,1131,2006,50대
경남,여,93,2006,50대
제주,남,322,2006,50대
제주,여,33,2006,50대
서울중앙,남,189,2006,60대
서울중앙,여,18,2006,60대
서울서부,남,152,2006,60대
서울서부,여,15,2006,60대
서울남부,남,299,2006,60대
서울남부,여,22,2006,60대
서울동부,남,258,2006,60대
서울동부,여,21,2006,60대
부산,남,183,2006,60대
부산,여,13,2006,60대
대구·경북,남,113,2006,60대
대구·경북,여,18,2006,60대
인천,남,63,2006,60대
인천,여,14,2006,60대
울산,남,46,2006,60대
울산,여,2,2006,60대
경기,남,87,2006,60대
경기,여,17,2006,60대
강원,남,58,2006,60대
강원,여,3,2006,60대
충북,남,49,2006,60대
충북,여,0,2006,60대
대전·세종·충남,남,168,2006,60대
대전·세종·충남,여,22,2006,60대
전북,남,56,2006,60대
전북,여,4,2006,60대
광주·전남,남,129,2006,60대
광주·전남,여,21,2006,60대
경남,남,35,2006,60대
경남,여,3,2006,60대
제주,남,37,2006,60대
제주,여,6,2006,60대
서울중앙,남,31768,2007,10대
서울중앙,여,21630,2007,10대
서울서부,남,32510,2007,10대
서울서부,여,17301,2007,10대
서울남부,남,28251,2007,10대
서울남부,여,13268,2007,10대
서울동부,남,47320,2007,10대
서울동부,여,31815,2007,10대
부산,남,40879,2007,10대
부산,여,21257,2007,10대
대구·경북,남,40386,2007,10대
대구·경북,여,21823,2007,10대
인천,남,27236,2007,10대
인천,여,17863,2007,10대
울산,남,15587,2007,10대
울산,여,6952,2007,10대
경기,남,31916,2007,10대
경기,여,13806,2007,10대
강원,남,11845,2007,10대
강원,여,4604,2007,10대
충북,남,18032,2007,10대
충북,여,8684,2007,10대
대전·세종·충남,남,41868,2007,10대
대전·세종·충남,여,18400,2007,10대
전북,남,25955,2007,10대
전북,여,13931,2007,10대
광주·전남,남,42081,2007,10대
광주·전남,여,31175,2007,10대
경남,남,22035,2007,10대
경남,여,9689,2007,10대
제주,남,5592,2007,10대
제주,여,3376,2007,10대
서울중앙,남,74268,2007,20대
서울중앙,여,23299,2007,20대
서울서부,남,56757,2007,20대
서울서부,여,15523,2007,20대
서울남부,남,74254,2007,20대
서울남부,여,18054,2007,20대
서울동부,남,54397,2007,20대
서울동부,여,16478,2007,20대
부산,남,73895,2007,20대
부산,여,16340,2007,20대
대구·경북,남,53580,2007,20대
대구·경북,여,15083,2007,20대
인천,남,33292,2007,20대
인천,여,9464,2007,20대
울산,남,24304,2007,20대
울산,여,4379,2007,20대
경기,남,42080,2007,20대
경기,여,9025,2007,20대
강원,남,35801,2007,20대
강원,여,3441,2007,20대
충북,남,30072,2007,20대
충북,여,4679,2007,20대
대전·세종·충남,남,54126,2007,20대
대전·세종·충남,여,10340,2007,20대
전북,남,36297,2007,20대
전북,여,6987,2007,20대
광주·전남,남,59803,2007,20대
광주·전남,여,16585,2007,20대
경남,남,36351,2007,20대
경남,여,4977,2007,20대
제주,남,10807,2007,20대
제주,여,1859,2007,20대
서울중앙,남,21349,2007,30대
서울중앙,여,3764,2007,30대
서울서부,남,19644,2007,30대
서울서부,여,3125,2007,30대
서울남부,남,23019,2007,30대
서울남부,여,3379,2007,30대
서울동부,남,16743,2007,30대
서울동부,여,3954,2007,30대
부산,남,24027,2007,30대
부산,여,2722,2007,30대
대구·경북,남,15075,2007,30대
대구·경북,여,1955,2007,30대
인천,남,12626,2007,30대
인천,여,2240,2007,30대
울산,남,7600,2007,30대
울산,여,913,2007,30대
경기,남,19024,2007,30대
경기,여,2223,2007,30대
강원,남,5400,2007,30대
강원,여,597,2007,30대
충북,남,6340,2007,30대
충북,여,649,2007,30대
대전·세종·충남,남,11664,2007,30대
대전·세종·충남,여,1481,2007,30대
전북,남,9508,2007,30대
전북,여,1097,2007,30대
광주·전남,남,16085,2007,30대
광주·전남,여,2777,2007,30대
경남,남,10779,2007,30대
경남,여,1101,2007,30대
제주,남,3572,2007,30대
제주,여,566,2007,30대
서울중앙,남,7537,2007,40대
서울중앙,여,1261,2007,40대
서울서부,남,6550,2007,40대
서울서부,여,1087,2007,40대
서울남부,남,8006,2007,40대
서울남부,여,1342,2007,40대
서울동부,남,6262,2007,40대
서울동부,여,1997,2007,40대
부산,남,6495,2007,40대
부산,여,1190,2007,40대
대구·경북,남,6129,2007,40대
대구·경북,여,1033,2007,40대
인천,남,4637,2007,40대
인천,여,1122,2007,40대
울산,남,4100,2007,40대
울산,여,458,2007,40대
경기,남,7871,2007,40대
경기,여,1018,2007,40대
강원,남,1881,2007,40대
강원,여,344,2007,40대
충북,남,2922,2007,40대
충북,여,350,2007,40대
대전·세종·충남,남,6029,2007,40대
대전·세종·충남,여,729,2007,40대
전북,남,3091,2007,40대
전북,여,356,2007,40대
광주·전남,남,6292,2007,40대
광주·전남,여,1363,2007,40대
경남,남,4903,2007,40대
경남,여,524,2007,40대
제주,남,1176,2007,40대
제주,여,199,2007,40대
서울중앙,남,2304,2007,50대
서울중앙,여,380,2007,50대
서울서부,남,1929,2007,50대
서울서부,여,263,2007,50대
서울남부,남,2458,2007,50대
서울남부,여,461,2007,50대
서울동부,남,2188,2007,50대
서울동부,여,615,2007,50대
부산,남,2198,2007,50대
부산,여,373,2007,50대
대구·경북,남,1927,2007,50대
대구·경북,여,243,2007,50대
인천,남,1240,2007,50대
인천,여,302,2007,50대
울산,남,1003,2007,50대
울산,여,88,2007,50대
경기,남,1785,2007,50대
경기,여,198,2007,50대
강원,남,602,2007,50대
강원,여,42,2007,50대
충북,남,903,2007,50대
충북,여,83,2007,50대
대전·세종·충남,남,1648,2007,50대
대전·세종·충남,여,148,2007,50대
전북,남,842,2007,50대
전북,여,55,2007,50대
광주·전남,남,1463,2007,50대
광주·전남,여,239,2007,50대
경남,남,1283,2007,50대
경남,여,99,2007,50대
제주,남,328,2007,50대
제주,여,15,2007,50대
서울중앙,남,206,2007,60대
서울중앙,여,26,2007,60대
서울서부,남,225,2007,60대
서울서부,여,20,2007,60대
서울남부,남,283,2007,60대
서울남부,여,25,2007,60대
서울동부,남,191,2007,60대
서울동부,여,17,2007,60대
부산,남,231,2007,60대
부산,여,16,2007,60대
대구·경북,남,144,2007,60대
대구·경북,여,21,2007,60대
인천,남,70,2007,60대
인천,여,3,2007,60대
울산,남,46,2007,60대
울산,여,2,2007,60대
경기,남,141,2007,60대
경기,여,28,2007,60대
강원,남,80,2007,60대
강원,여,4,2007,60대
충북,남,88,2007,60대
충북,여,1,2007,60대
대전·세종·충남,남,144,2007,60대
대전·세종·충남,여,20,2007,60대
전북,남,50,2007,60대
전북,여,5,2007,60대
광주·전남,남,125,2007,60대
광주·전남,여,16,2007,60대
경남,남,16,2007,60대
경남,여,2,2007,60대
제주,남,49,2007,60대
제주,여,0,2007,60대
서울중앙,남,33496,2008,10대
서울중앙,여,25406,2008,10대
서울서부,남,34641,2008,10대
서울서부,여,19494,2008,10대
서울남부,남,28697,2008,10대
서울남부,여,15544,2008,10대
서울동부,남,51614,2008,10대
서울동부,여,38055,2008,10대
부산,남,50059,2008,10대
부산,여,27638,2008,10대
대구·경북,남,44328,2008,10대
대구·경북,여,30076,2008,10대
인천,남,29599,2008,10대
인천,여,20738,2008,10대
울산,남,17904,2008,10대
울산,여,8587,2008,10대
경기,남,33736,2008,10대
경기,여,16281,2008,10대
강원,남,13442,2008,10대
강원,여,5744,2008,10대
충북,남,22623,2008,10대
충북,여,10588,2008,10대
대전·세종·충남,남,46678,2008,10대
대전·세종·충남,여,22226,2008,10대
전북,남,29156,2008,10대
전북,여,15366,2008,10대
광주·전남,남,45631,2008,10대
광주·전남,여,38858,2008,10대
경남,남,28740,2008,10대
경남,여,9981,2008,10대
제주,남,6773,2008,10대
제주,여,5490,2008,10대
서울중앙,남,79020,2008,20대
서울중앙,여,28376,2008,20대
서울서부,남,62409,2008,20대
서울서부,여,17947,2008,20대
서울남부,남,76395,2008,20대
서울남부,여,21459,2008,20대
서울동부,남,56077,2008,20대
서울동부,여,18273,2008,20대
부산,남,71211,2008,20대
부산,여,19825,2008,20대
대구·경북,남,61685,2008,20대
대구·경북,여,21258,2008,20대
인천,남,36653,2008,20대
인천,여,10230,2008,20대
울산,남,24168,2008,20대
울산,여,5047,2008,20대
경기,남,44814,2008,20대
경기,여,10483,2008,20대
강원,남,39657,2008,20대
강원,여,4493,2008,20대
충북,남,33907,2008,20대
충북,여,5978,2008,20대
대전·세종·충남,남,60770,2008,20대
대전·세종·충남,여,14546,2008,20대
전북,남,35394,2008,20대
전북,여,8390,2008,20대
광주·전남,남,58368,2008,20대
광주·전남,여,19001,2008,20대
경남,남,38755,2008,20대
경남,여,5968,2008,20대
제주,남,10543,2008,20대
제주,여,2858,2008,20대
서울중앙,남,23223,2008,30대
서울중앙,여,4980,2008,30대
서울서부,남,20759,2008,30대
서울서부,여,4058,2008,30대
서울남부,남,25557,2008,30대
서울남부,여,4418,2008,30대
서울동부,남,17091,2008,30대
서울동부,여,4442,2008,30대
부산,남,25647,2008,30대
부산,여,3329,2008,30대
대구·경북,남,17431,2008,30대
대구·경북,여,2735,2008,30대
인천,남,13474,2008,30대
인천,여,2504,2008,30대
울산,남,8266,2008,30대
울산,여,999,2008,30대
경기,남,19850,2008,30대
경기,여,2913,2008,30대
강원,남,5376,2008,30대
강원,여,759,2008,30대
충북,남,6430,2008,30대
충북,여,799,2008,30대
대전·세종·충남,남,15028,2008,30대
대전·세종·충남,여,2316,2008,30대
전북,남,12202,2008,30대
전북,여,1479,2008,30대
광주·전남,남,18135,2008,30대
광주·전남,여,3357,2008,30대
경남,남,10501,2008,30대
경남,여,1070,2008,30대
제주,남,4064,2008,30대
제주,여,665,2008,30대
서울중앙,남,8554,2008,40대
서울중앙,여,1507,2008,40대
서울서부,남,7253,2008,40대
서울서부,여,1307,2008,40대
서울남부,남,9286,2008,40대
서울남부,여,1779,2008,40대
서울동부,남,6841,2008,40대
서울동부,여,2237,2008,40대
부산,남,7583,2008,40대
부산,여,1545,2008,40대
대구·경북,남,6540,2008,40대
대구·경북,여,1305,2008,40대
인천,남,5299,2008,40대
인천,여,1307,2008,40대
울산,남,4456,2008,40대
울산,여,506,2008,40대
경기,남,9049,2008,40대
경기,여,1415,2008,40대
강원,남,2225,2008,40대
강원,여,470,2008,40대
충북,남,2993,2008,40대
충북,여,391,2008,40대
대전·세종·충남,남,7825,2008,40대
대전·세종·충남,여,1103,2008,40대
전북,남,3984,2008,40대
전북,여,597,2008,40대
광주·전남,남,7371,2008,40대
광주·전남,여,1568,2008,40대
경남,남,4969,2008,40대
경남,여,490,2008,40대
제주,남,1380,2008,40대
제주,여,291,2008,40대
서울중앙,남,2628,2008,50대
서울중앙,여,429,2008,50대
서울서부,남,2222,2008,50대
서울서부,여,343,2008,50대
서울남부,남,2999,2008,50대
서울남부,여,600,2008,50대
서울동부,남,2600,2008,50대
서울동부,여,647,2008,50대
부산,남,2684,2008,50대
부산,여,495,2008,50대
대구·경북,남,2126,2008,50대
대구·경북,여,317,2008,50대
인천,남,1537,2008,50대
인천,여,316,2008,50대
울산,남,1178,2008,50대
울산,여,112,2008,50대
경기,남,2478,2008,50대
경기,여,304,2008,50대
강원,남,868,2008,50대
강원,여,129,2008,50대
충북,남,1070,2008,50대
충북,여,88,2008,50대
대전·세종·충남,남,2253,2008,50대
대전·세종·충남,여,226,2008,50대
전북,남,1001,2008,50대
전북,여,163,2008,50대
광주·전남,남,1889,2008,50대
광주·전남,여,307,2008,50대
경남,남,1415,2008,50대
경남,여,138,2008,50대
제주,남,386,2008,50대
제주,여,33,2008,50대
서울중앙,남,316,2008,60대
서울중앙,여,35,2008,60대
서울서부,남,380,2008,60대
서울서부,여,30,2008,60대
서울남부,남,379,2008,60대
서울남부,여,44,2008,60대
서울동부,남,214,2008,60대
서울동부,여,44,2008,60대
부산,남,227,2008,60대
부산,여,26,2008,60대
대구·경북,남,199,2008,60대
대구·경북,여,25,2008,60대
인천,남,131,2008,60대
인천,여,14,2008,60대
울산,남,59,2008,60대
울산,여,2,2008,60대
경기,남,202,2008,60대
경기,여,32,2008,60대
강원,남,100,2008,60대
강원,여,10,2008,60대
충북,남,81,2008,60대
충북,여,3,2008,60대
대전·세종·충남,남,240,2008,60대
대전·세종·충남,여,23,2008,60대
전북,남,98,2008,60대
전북,여,3,2008,60대
광주·전남,남,159,2008,60대
광주·전남,여,7,2008,60대
경남,남,38,2008,60대
경남,여,1,2008,60대
제주,남,53,2008,60대
제주,여,6,2008,60대
서울중앙,남,35424,2009,10대
서울중앙,여,25729,2009,10대
서울서부,남,35883,2009,10대
서울서부,여,21336,2009,10대
서울남부,남,28994,2009,10대
서울남부,여,19228,2009,10대
서울동부,남,52568,2009,10대
서울동부,여,40774,2009,10대
부산,남,47231,2009,10대
부산,여,28921,2009,10대
대구·경북,남,47181,2009,10대
대구·경북,여,33048,2009,10대
인천,남,28477,2009,10대
인천,여,22756,2009,10대
울산,남,19124,2009,10대
울산,여,9788,2009,10대
경기,남,34993,2009,10대
경기,여,22092,2009,10대
강원,남,15185,2009,10대
강원,여,7447,2009,10대
충북,남,25949,2009,10대
충북,여,11365,2009,10대
대전·세종·충남,남,41630,2009,10대
대전·세종·충남,여,21135,2009,10대
전북,남,32851,2009,10대
전북,여,17158,2009,10대
광주·전남,남,44918,2009,10대
광주·전남,여,37491,2009,10대
경남,남,29087,2009,10대
경남,여,11788,2009,10대
제주,남,7109,2009,10대
제주,여,6783,2009,10대
서울중앙,남,72902,2009,20대
서울중앙,여,26715,2009,20대
서울서부,남,68072,2009,20대
서울서부,여,21726,2009,20대
서울남부,남,82791,2009,20대
서울남부,여,26497,2009,20대
서울동부,남,57881,2009,20대
서울동부,여,21817,2009,20대
부산,남,72756,2009,20대
부산,여,21582,2009,20대
대구·경북,남,72738,2009,20대
대구·경북,여,24984,2009,20대
인천,남,39053,2009,20대
인천,여,13082,2009,20대
울산,남,23723,2009,20대
울산,여,4898,2009,20대
경기,남,49619,2009,20대
경기,여,14010,2009,20대
강원,남,38340,2009,20대
강원,여,5962,2009,20대
충북,남,39312,2009,20대
충북,여,7569,2009,20대
대전·세종·충남,남,67126,2009,20대
대전·세종·충남,여,17845,2009,20대
전북,남,40263,2009,20대
전북,여,10018,2009,20대
광주·전남,남,60979,2009,20대
광주·전남,여,20704,2009,20대
경남,남,41255,2009,20대
경남,여,6980,2009,20대
제주,남,10985,2009,20대
제주,여,3609,2009,20대
서울중앙,남,24805,2009,30대
서울중앙,여,5640,2009,30대
서울서부,남,25705,2009,30대
서울서부,여,5243,2009,30대
서울남부,남,27974,2009,30대
서울남부,여,5316,2009,30대
서울동부,남,18591,2009,30대
서울동부,여,5216,2009,30대
부산,남,28349,2009,30대
부산,여,3812,2009,30대
대구·경북,남,18853,2009,30대
대구·경북,여,3655,2009,30대
인천,남,13894,2009,30대
인천,여,2958,2009,30대
울산,남,8019,2009,30대
울산,여,1139,2009,30대
경기,남,23029,2009,30대
경기,여,3950,2009,30대
강원,남,6475,2009,30대
강원,여,1129,2009,30대
충북,남,7934,2009,30대
충북,여,979,2009,30대
대전·세종·충남,남,18425,2009,30대
대전·세종·충남,여,2493,2009,30대
전북,남,12647,2009,30대
전북,여,1595,2009,30대
광주·전남,남,19839,2009,30대
광주·전남,여,3583,2009,30대
경남,남,14435,2009,30대
경남,여,1394,2009,30대
제주,남,4276,2009,30대
제주,여,935,2009,30대
서울중앙,남,10906,2009,40대
서울중앙,여,1915,2009,40대
서울서부,남,9731,2009,40대
서울서부,여,1751,2009,40대
서울남부,남,11035,2009,40대
서울남부,여,2030,2009,40대
서울동부,남,9072,2009,40대
서울동부,여,2851,2009,40대
부산,남,8405,2009,40대
부산,여,1680,2009,40대
대구·경북,남,9518,2009,40대
대구·경북,여,1695,2009,40대
인천,남,6388,2009,40대
인천,여,1664,2009,40대
울산,남,4859,2009,40대
울산,여,624,2009,40대
경기,남,11406,2009,40대
경기,여,1871,2009,40대
강원,남,2998,2009,40대
강원,여,711,2009,40대
충북,남,4008,2009,40대
충북,여,565,2009,40대
대전·세종·충남,남,9448,2009,40대
대전·세종·충남,여,1345,2009,40대
전북,남,4365,2009,40대
전북,여,747,2009,40대
광주·전남,남,9143,2009,40대
광주·전남,여,2002,2009,40대
경남,남,6709,2009,40대
경남,여,684,2009,40대
제주,남,1987,2009,40대
제주,여,464,2009,40대
서울중앙,남,3453,2009,50대
서울중앙,여,515,2009,50대
서울서부,남,2932,2009,50대
서울서부,여,425,2009,50대
서울남부,남,3549,2009,50대
서울남부,여,645,2009,50대
서울동부,남,3286,2009,50대
서울동부,여,807,2009,50대
부산,남,3237,2009,50대
부산,여,561,2009,50대
대구·경북,남,3094,2009,50대
대구·경북,여,434,2009,50대
인천,남,1989,2009,50대
인천,여,397,2009,50대
울산,남,1519,2009,50대
울산,여,122,2009,50대
경기,남,3100,2009,50대
경기,여,466,2009,50대
강원,남,1200,2009,50대
강원,여,192,2009,50대
충북,남,1506,2009,50대
충북,여,163,2009,50대
대전·세종·충남,남,2700,2009,50대
대전·세종·충남,여,286,2009,50대
전북,남,1292,2009,50대
전북,여,160,2009,50대
광주·전남,남,2538,2009,50대
광주·전남,여,429,2009,50대
경남,남,2005,2009,50대
경남,여,160,2009,50대
제주,남,588,2009,50대
제주,여,87,2009,50대
서울중앙,남,435,2009,60대
서울중앙,여,85,2009,60대
서울서부,남,371,2009,60대
서울서부,여,48,2009,60대
서울남부,남,411,2009,60대
서울남부,여,51,2009,60대
서울동부,남,287,2009,60대
서울동부,여,44,2009,60대
부산,남,220,2009,60대
부산,여,58,2009,60대
대구·경북,남,244,2009,60대
대구·경북,여,35,2009,60대
인천,남,184,2009,60대
인천,여,27,2009,60대
울산,남,113,2009,60대
울산,여,0,2009,60대
경기,남,225,2009,60대
경기,여,40,2009,60대
강원,남,112,2009,60대
강원,여,12,2009,60대
충북,남,92,2009,60대
충북,여,5,2009,60대
대전·세종·충남,남,317,2009,60대
대전·세종·충남,여,27,2009,60대
전북,남,147,2009,60대
전북,여,2,2009,60대
광주·전남,남,197,2009,60대
광주·전남,여,5,2009,60대
경남,남,54,2009,60대
경남,여,2,2009,60대
제주,남,71,2009,60대
제주,여,22,2009,60대
서울중앙,남,50237,2010,10대
서울중앙,여,36960,2010,10대
서울서부,남,16765,2010,10대
서울서부,여,10093,2010,10대
서울남부,남,35807,2010,10대
서울남부,여,22542,2010,10대
서울동부,남,61110,2010,10대
서울동부,여,49399,2010,10대
부산,남,57570,2010,10대
부산,여,35209,2010,10대
대구·경북,남,47832,2010,10대
대구·경북,여,35787,2010,10대
인천,남,38379,2010,10대
인천,여,31076,2010,10대
울산,남,20303,2010,10대
울산,여,11742,2010,10대
경기,남,40438,2010,10대
경기,여,27375,2010,10대
강원,남,17960,2010,10대
강원,여,9098,2010,10대
충북,남,27419,2010,10대
충북,여,11799,2010,10대
대전·세종·충남,남,51662,2010,10대
대전·세종·충남,여,22719,2010,10대
전북,남,35190,2010,10대
전북,여,18139,2010,10대
광주·전남,남,47248,2010,10대
광주·전남,여,41537,2010,10대
경남,남,33610,2010,10대
경남,여,14188,2010,10대
제주,남,7566,2010,10대
제주,여,8000,2010,10대
서울중앙,남,75920,2010,20대
서울중앙,여,31803,2010,20대
서울서부,남,30584,2010,20대
서울서부,여,10888,2010,20대
서울남부,남,82623,2010,20대
서울남부,여,27531,2010,20대
서울동부,남,61673,2010,20대
서울동부,여,26141,2010,20대
부산,남,69879,2010,20대
부산,여,23850,2010,20대
대구·경북,남,67520,2010,20대
대구·경북,여,24523,2010,20대
인천,남,40716,2010,20대
인천,여,14845,2010,20대
울산,남,20767,2010,20대
울산,여,5379,2010,20대
경기,남,45035,2010,20대
경기,여,13816,2010,20대
강원,남,36817,2010,20대
강원,여,5899,2010,20대
충북,남,38211,2010,20대
충북,여,7724,2010,20대
대전·세종·충남,남,65810,2010,20대
대전·세종·충남,여,16144,2010,20대
전북,남,39785,2010,20대
전북,여,9859,2010,20대
광주·전남,남,53017,2010,20대
광주·전남,여,20271,2010,20대
경남,남,39775,2010,20대
경남,여,7648,2010,20대
제주,남,10119,2010,20대
제주,여,4010,2010,20대
서울중앙,남,28883,2010,30대
서울중앙,여,6748,2010,30대
서울서부,남,11544,2010,30대
서울서부,여,2449,2010,30대
서울남부,남,28381,2010,30대
서울남부,여,5559,2010,30대
서울동부,남,22646,2010,30대
서울동부,여,6641,2010,30대
부산,남,27678,2010,30대
부산,여,4162,2010,30대
대구·경북,남,18224,2010,30대
대구·경북,여,3936,2010,30대
인천,남,14243,2010,30대
인천,여,3334,2010,30대
울산,남,7422,2010,30대
울산,여,1229,2010,30대
경기,남,23004,2010,30대
경기,여,3877,2010,30대
강원,남,6691,2010,30대
강원,여,1223,2010,30대
충북,남,8605,2010,30대
충북,여,964,2010,30대
대전·세종·충남,남,18632,2010,30대
대전·세종·충남,여,2307,2010,30대
전북,남,12919,2010,30대
전북,여,1475,2010,30대
광주·전남,남,18166,2010,30대
광주·전남,여,3807,2010,30대
경남,남,13602,2010,30대
경남,여,1346,2010,30대
제주,남,4186,2010,30대
제주,여,1067,2010,30대
서울중앙,남,12745,2010,40대
서울중앙,여,2488,2010,40대
서울서부,남,4680,2010,40대
서울서부,여,798,2010,40대
서울남부,남,11120,2010,40대
서울남부,여,1982,2010,40대
서울동부,남,11742,2010,40대
서울동부,여,3593,2010,40대
부산,남,8532,2010,40대
부산,여,2020,2010,40대
대구·경북,남,9463,2010,40대
대구·경북,여,1881,2010,40대
인천,남,6766,2010,40대
인천,여,1686,2010,40대
울산,남,4710,2010,40대
울산,여,741,2010,40대
경기,남,11454,2010,40대
경기,여,1961,2010,40대
강원,남,3351,2010,40대
강원,여,762,2010,40대
충북,남,4173,2010,40대
충북,여,527,2010,40대
대전·세종·충남,남,9583,2010,40대
대전·세종·충남,여,1376,2010,40대
전북,남,4820,2010,40대
전북,여,706,2010,40대
광주·전남,남,8849,2010,40대
광주·전남,여,2041,2010,40대
경남,남,6366,2010,40대
경남,여,646,2010,40대
제주,남,2101,2010,40대
제주,여,542,2010,40대
서울중앙,남,4059,2010,50대
서울중앙,여,756,2010,50대
서울서부,남,1474,2010,50대
서울서부,여,223,2010,50대
서울남부,남,3491,2010,50대
서울남부,여,621,2010,50대
서울동부,남,4327,2010,50대
서울동부,여,1025,2010,50대
부산,남,3448,2010,50대
부산,여,649,2010,50대
대구·경북,남,3182,2010,50대
대구·경북,여,526,2010,50대
인천,남,2485,2010,50대
인천,여,449,2010,50대
울산,남,1730,2010,50대
울산,여,133,2010,50대
경기,남,3363,2010,50대
경기,여,592,2010,50대
강원,남,1395,2010,50대
강원,여,246,2010,50대
충북,남,1493,2010,50대
충북,여,162,2010,50대
대전·세종·충남,남,3007,2010,50대
대전·세종·충남,여,315,2010,50대
전북,남,1508,2010,50대
전북,여,182,2010,50대
광주·전남,남,2800,2010,50대
광주·전남,여,452,2010,50대
경남,남,2085,2010,50대
경남,여,157,2010,50대
제주,남,652,2010,50대
제주,여,106,2010,50대
서울중앙,남,628,2010,60대
서울중앙,여,104,2010,60대
서울서부,남,212,2010,60대
서울서부,여,24,2010,60대
서울남부,남,498,2010,60대
서울남부,여,57,2010,60대
서울동부,남,583,2010,60대
서울동부,여,67,2010,60대
부산,남,312,2010,60대
부산,여,85,2010,60대
대구·경북,남,346,2010,60대
대구·경북,여,49,2010,60대
인천,남,242,2010,60대
인천,여,27,2010,60대
울산,남,109,2010,60대
울산,여,13,2010,60대
경기,남,321,2010,60대
경기,여,43,2010,60대
강원,남,180,2010,60대
강원,여,10,2010,60대
충북,남,120,2010,60대
충북,여,12,2010,60대
대전·세종·충남,남,397,2010,60대
대전·세종·충남,여,33,2010,60대
전북,남,194,2010,60대
전북,여,7,2010,60대
광주·전남,남,214,2010,60대
광주·전남,여,7,2010,60대
경남,남,108,2010,60대
경남,여,3,2010,60대
제주,남,79,2010,60대
제주,여,26,2010,60대
서울중앙,남,0,2011,10대
서울중앙,여,0,2011,10대
서울서부,남,54005,2011,10대
서울서부,여,44675,2011,10대
서울남부,남,35827,2011,10대
서울남부,여,21368,2011,10대
서울동부,남,62716,2011,10대
서울동부,여,50117,2011,10대
부산,남,52908,2011,10대
부산,여,35894,2011,10대
대구·경북,남,48942,2011,10대
대구·경북,여,36833,2011,10대
인천,남,48150,2011,10대
인천,여,36699,2011,10대
울산,남,21495,2011,10대
울산,여,11399,2011,10대
경기,남,44702,2011,10대
경기,여,29658,2011,10대
강원,남,21332,2011,10대
강원,여,10712,2011,10대
충북,남,25302,2011,10대
충북,여,11008,2011,10대
대전·세종·충남,남,52134,2011,10대
대전·세종·충남,여,24143,2011,10대
전북,남,34212,2011,10대
전북,여,21401,2011,10대
광주·전남,남,48458,2011,10대
광주·전남,여,44487,2011,10대
경남,남,35990,2011,10대
경남,여,13411,2011,10대
제주,남,8067,2011,10대
제주,여,7868,2011,10대
서울중앙,남,0,2011,20대
서울중앙,여,0,2011,20대
서울서부,남,74650,2011,20대
서울서부,여,35928,2011,20대
서울남부,남,79819,2011,20대
서울남부,여,27627,2011,20대
서울동부,남,64292,2011,20대
서울동부,여,30108,2011,20대
부산,남,62963,2011,20대
부산,여,23255,2011,20대
대구·경북,남,63640,2011,20대
대구·경북,여,25449,2011,20대
인천,남,40107,2011,20대
인천,여,16074,2011,20대
울산,남,19419,2011,20대
울산,여,5519,2011,20대
경기,남,44072,2011,20대
경기,여,13848,2011,20대
강원,남,37177,2011,20대
강원,여,6383,2011,20대
충북,남,33951,2011,20대
충북,여,6774,2011,20대
대전·세종·충남,남,63012,2011,20대
대전·세종·충남,여,16807,2011,20대
전북,남,36675,2011,20대
전북,여,10409,2011,20대
광주·전남,남,46177,2011,20대
광주·전남,여,18677,2011,20대
경남,남,35277,2011,20대
경남,여,6843,2011,20대
제주,남,7811,2011,20대
제주,여,3046,2011,20대
서울중앙,남,0,2011,30대
서울중앙,여,0,2011,30대
서울서부,남,30302,2011,30대
서울서부,여,7903,2011,30대
서울남부,남,28226,2011,30대
서울남부,여,5765,2011,30대
서울동부,남,24172,2011,30대
서울동부,여,8100,2011,30대
부산,남,23105,2011,30대
부산,여,4155,2011,30대
대구·경북,남,17148,2011,30대
대구·경북,여,4264,2011,30대
인천,남,15429,2011,30대
인천,여,4016,2011,30대
울산,남,7249,2011,30대
울산,여,1343,2011,30대
경기,남,22297,2011,30대
경기,여,3983,2011,30대
강원,남,7815,2011,30대
강원,여,1598,2011,30대
충북,남,7081,2011,30대
충북,여,1065,2011,30대
대전·세종·충남,남,17055,2011,30대
대전·세종·충남,여,2206,2011,30대
전북,남,13064,2011,30대
전북,여,1669,2011,30대
광주·전남,남,16984,2011,30대
광주·전남,여,3619,2011,30대
경남,남,12107,2011,30대
경남,여,1308,2011,30대
제주,남,3250,2011,30대
제주,여,908,2011,30대
서울중앙,남,0,2011,40대
서울중앙,여,0,2011,40대
서울서부,남,14489,2011,40대
서울서부,여,3044,2011,40대
서울남부,남,11991,2011,40대
서울남부,여,2107,2011,40대
서울동부,남,13995,2011,40대
서울동부,여,4298,2011,40대
부산,남,8112,2011,40대
부산,여,2128,2011,40대
대구·경북,남,8982,2011,40대
대구·경북,여,2158,2011,40대
인천,남,8198,2011,40대
인천,여,2149,2011,40대
울산,남,4408,2011,40대
울산,여,759,2011,40대
경기,남,11420,2011,40대
경기,여,2016,2011,40대
강원,남,4101,2011,40대
강원,여,883,2011,40대
충북,남,3744,2011,40대
충북,여,513,2011,40대
대전·세종·충남,남,9385,2011,40대
대전·세종·충남,여,1142,2011,40대
전북,남,5129,2011,40대
전북,여,832,2011,40대
광주·전남,남,8516,2011,40대
광주·전남,여,2045,2011,40대
경남,남,6318,2011,40대
경남,여,647,2011,40대
제주,남,1859,2011,40대
제주,여,565,2011,40대
서울중앙,남,0,2011,50대
서울중앙,여,0,2011,50대
서울서부,남,4907,2011,50대
서울서부,여,863,2011,50대
서울남부,남,3857,2011,50대
서울남부,여,664,2011,50대
서울동부,남,5241,2011,50대
서울동부,여,1109,2011,50대
부산,남,3448,2011,50대
부산,여,649,2011,50대
대구·경북,남,3286,2011,50대
대구·경북,여,560,2011,50대
인천,남,3093,2011,50대
인천,여,644,2011,50대
울산,남,1616,2011,50대
울산,여,143,2011,50대
경기,남,3578,2011,50대
경기,여,569,2011,50대
강원,남,1709,2011,50대
강원,여,284,2011,50대
충북,남,1563,2011,50대
충북,여,172,2011,50대
대전·세종·충남,남,3155,2011,50대
대전·세종·충남,여,282,2011,50대
전북,남,1631,2011,50대
전북,여,254,2011,50대
광주·전남,남,2935,2011,50대
광주·전남,여,587,2011,50대
경남,남,2165,2011,50대
경남,여,146,2011,50대
제주,남,637,2011,50대
제주,여,94,2011,50대
서울중앙,남,0,2011,60대
서울중앙,여,0,2011,60대
서울서부,남,724,2011,60대
서울서부,여,108,2011,60대
서울남부,남,645,2011,60대
서울남부,여,61,2011,60대
서울동부,남,797,2011,60대
서울동부,여,95,2011,60대
부산,남,324,2011,60대
부산,여,76,2011,60대
대구·경북,남,393,2011,60대
대구·경북,여,68,2011,60대
인천,남,311,2011,60대
인천,여,40,2011,60대
울산,남,144,2011,60대
울산,여,10,2011,60대
경기,남,397,2011,60대
경기,여,49,2011,60대
강원,남,271,2011,60대
강원,여,22,2011,60대
충북,남,177,2011,60대
충북,여,4,2011,60대
대전·세종·충남,남,383,2011,60대
대전·세종·충남,여,33,2011,60대
전북,남,214,2011,60대
전북,여,16,2011,60대
광주·전남,남,248,2011,60대
광주·전남,여,18,2011,60대
경남,남,109,2011,60대
경남,여,3,2011,60대
제주,남,86,2011,60대
제주,여,28,2011,60대
서울중앙,남,0,2012,10대
서울중앙,여,0,2012,10대
서울서부,남,56588,2012,10대
서울서부,여,41391,2012,10대
서울남부,남,35419,2012,10대
서울남부,여,21638,2012,10대
서울동부,남,63804,2012,10대
서울동부,여,49766,2012,10대
부산,남,48760,2012,10대
부산,여,32888,2012,10대
대구·경북,남,49658,2012,10대
대구·경북,여,38746,2012,10대
인천,남,43679,2012,10대
인천,여,33796,2012,10대
울산,남,22062,2012,10대
울산,여,12047,2012,10대
경기,남,38703,2012,10대
경기,여,24851,2012,10대
강원,남,25398,2012,10대
강원,여,11997,2012,10대
충북,남,27770,2012,10대
충북,여,12122,2012,10대
대전·세종·충남,남,52688,2012,10대
대전·세종·충남,여,28054,2012,10대
전북,남,34720,2012,10대
전북,여,21651,2012,10대
광주·전남,남,45431,2012,10대
광주·전남,여,39241,2012,10대
경남,남,37623,2012,10대
경남,여,14840,2012,10대
제주,남,6836,2012,10대
제주,여,7118,2012,10대
서울중앙,남,0,2012,20대
서울중앙,여,0,2012,20대
서울서부,남,81244,2012,20대
서울서부,여,36675,2012,20대
서울남부,남,82836,2012,20대
서울남부,여,30784,2012,20대
서울동부,남,70512,2012,20대
서울동부,여,30936,2012,20대
부산,남,67317,2012,20대
부산,여,25236,2012,20대
대구·경북,남,69486,2012,20대
대구·경북,여,27777,2012,20대
인천,남,41780,2012,20대
인천,여,17112,2012,20대
울산,남,20052,2012,20대
울산,여,6338,2012,20대
경기,남,47964,2012,20대
경기,여,14743,2012,20대
강원,남,46286,2012,20대
강원,여,7299,2012,20대
충북,남,36849,2012,20대
충북,여,7789,2012,20대
대전·세종·충남,남,67248,2012,20대
대전·세종·충남,여,21240,2012,20대
전북,남,36962,2012,20대
전북,여,10730,2012,20대
광주·전남,남,45695,2012,20대
광주·전남,여,18221,2012,20대
경남,남,35105,2012,20대
경남,여,8169,2012,20대
제주,남,7975,2012,20대
제주,여,2875,2012,20대
서울중앙,남,0,2012,30대
서울중앙,여,0,2012,30대
서울서부,남,32643,2012,30대
서울서부,여,8643,2012,30대
서울남부,남,30203,2012,30대
서울남부,여,6813,2012,30대
서울동부,남,24902,2012,30대
서울동부,여,8030,2012,30대
부산,남,23258,2012,30대
부산,여,5003,2012,30대
대구·경북,남,18799,2012,30대
대구·경북,여,4958,2012,30대
인천,남,16113,2012,30대
인천,여,4666,2012,30대
울산,남,8171,2012,30대
울산,여,1631,2012,30대
경기,남,24346,2012,30대
경기,여,4710,2012,30대
강원,남,7670,2012,30대
강원,여,1628,2012,30대
충북,남,7783,2012,30대
충북,여,1150,2012,30대
대전·세종·충남,남,18100,2012,30대
대전·세종·충남,여,2809,2012,30대
전북,남,13427,2012,30대
전북,여,1907,2012,30대
광주·전남,남,18621,2012,30대
광주·전남,여,3552,2012,30대
경남,남,13247,2012,30대
경남,여,1427,2012,30대
제주,남,3116,2012,30대
제주,여,772,2012,30대
서울중앙,남,0,2012,40대
서울중앙,여,0,2012,40대
서울서부,남,15411,2012,40대
서울서부,여,3390,2012,40대
서울남부,남,13010,2012,40대
서울남부,여,2576,2012,40대
서울동부,남,15046,2012,40대
서울동부,여,4759,2012,40대
부산,남,9058,2012,40대
부산,여,2452,2012,40대
대구·경북,남,9746,2012,40대
대구·경북,여,2556,2012,40대
인천,남,8962,2012,40대
인천,여,2543,2012,40대
울산,남,5414,2012,40대
울산,여,930,2012,40대
경기,남,12391,2012,40대
경기,여,2334,2012,40대
강원,남,4512,2012,40대
강원,여,1007,2012,40대
충북,남,4078,2012,40대
충북,여,542,2012,40대
대전·세종·충남,남,10257,2012,40대
대전·세종·충남,여,1473,2012,40대
전북,남,5311,2012,40대
전북,여,1017,2012,40대
광주·전남,남,8710,2012,40대
광주·전남,여,2139,2012,40대
경남,남,6511,2012,40대
경남,여,761,2012,40대
제주,남,1879,2012,40대
제주,여,453,2012,40대
서울중앙,남,0,2012,50대
서울중앙,여,0,2012,50대
서울서부,남,5262,2012,50대
서울서부,여,978,2012,50대
서울남부,남,4038,2012,50대
서울남부,여,804,2012,50대
서울동부,남,5781,2012,50대
서울동부,여,1354,2012,50대
부산,남,3631,2012,50대
부산,여,788,2012,50대
대구·경북,남,3916,2012,50대
대구·경북,여,674,2012,50대
인천,남,3514,2012,50대
인천,여,790,2012,50대
울산,남,1991,2012,50대
울산,여,255,2012,50대
경기,남,4426,2012,50대
경기,여,720,2012,50대
강원,남,1808,2012,50대
강원,여,358,2012,50대
충북,남,1576,2012,50대
충북,여,167,2012,50대
대전·세종·충남,남,3522,2012,50대
대전·세종·충남,여,336,2012,50대
전북,남,1720,2012,50대
전북,여,262,2012,50대
광주·전남,남,3169,2012,50대
광주·전남,여,586,2012,50대
경남,남,2313,2012,50대
경남,여,160,2012,50대
제주,남,623,2012,50대
제주,여,104,2012,50대
서울중앙,남,0,2012,60대
서울중앙,여,0,2012,60대
서울서부,남,823,2012,60대
서울서부,여,122,2012,60대
서울남부,남,730,2012,60대
서울남부,여,130,2012,60대
서울동부,남,1005,2012,60대
서울동부,여,129,2012,60대
부산,남,374,2012,60대
부산,여,110,2012,60대
대구·경북,남,438,2012,60대
대구·경북,여,70,2012,60대
인천,남,405,2012,60대
인천,여,78,2012,60대
울산,남,180,2012,60대
울산,여,10,2012,60대
경기,남,487,2012,60대
경기,여,67,2012,60대
강원,남,313,2012,60대
강원,여,22,2012,60대
충북,남,260,2012,60대
충북,여,11,2012,60대
대전·세종·충남,남,472,2012,60대
대전·세종·충남,여,47,2012,60대
전북,남,203,2012,60대
전북,여,14,2012,60대
광주·전남,남,263,2012,60대
광주·전남,여,27,2012,60대
경남,남,116,2012,60대
경남,여,14,2012,60대
제주,남,86,2012,60대
제주,여,17,2012,60대
서울중앙,남,0,2013,10대
서울중앙,여,0,2013,10대
서울서부,남,55402,2013,10대
서울서부,여,41425,2013,10대
서울남부,남,33996,2013,10대
서울남부,여,21483,2013,10대
서울동부,남,59984,2013,10대
서울동부,여,49604,2013,10대
부산,남,49745,2013,10대
부산,여,36494,2013,10대
대구·경북,남,50441,2013,10대
대구·경북,여,39300,2013,10대
인천,남,39808,2013,10대
인천,여,34031,2013,10대
울산,남,22057,2013,10대
울산,여,11397,2013,10대
경기,남,38780,2013,10대
경기,여,25972,2013,10대
강원,남,25418,2013,10대
강원,여,13666,2013,10대
충북,남,24424,2013,10대
충북,여,12604,2013,10대
대전·세종·충남,남,50129,2013,10대
대전·세종·충남,여,30699,2013,10대
전북,남,34151,2013,10대
전북,여,20675,2013,10대
광주·전남,남,44979,2013,10대
광주·전남,여,42555,2013,10대
경남,남,39749,2013,10대
경남,여,18365,2013,10대
제주,남,6996,2013,10대
제주,여,7649,2013,10대
서울중앙,남,0,2013,20대
서울중앙,여,0,2013,20대
서울서부,남,96517,2013,20대
서울서부,여,37248,2013,20대
서울남부,남,87770,2013,20대
서울남부,여,30705,2013,20대
서울동부,남,88018,2013,20대
서울동부,여,32927,2013,20대
부산,남,71929,2013,20대
부산,여,28662,2013,20대
대구·경북,남,79151,2013,20대
대구·경북,여,30869,2013,20대
인천,남,45355,2013,20대
인천,여,18521,2013,20대
울산,남,22149,2013,20대
울산,여,6511,2013,20대
경기,남,55392,2013,20대
경기,여,16678,2013,20대
강원,남,53149,2013,20대
강원,여,8187,2013,20대
충북,남,36430,2013,20대
충북,여,8521,2013,20대
대전·세종·충남,남,78767,2013,20대
대전·세종·충남,여,24483,2013,20대
전북,남,41543,2013,20대
전북,여,11718,2013,20대
광주·전남,남,53301,2013,20대
광주·전남,여,22162,2013,20대
경남,남,39226,2013,20대
경남,여,9695,2013,20대
제주,남,8300,2013,20대
제주,여,3433,2013,20대
서울중앙,남,0,2013,30대
서울중앙,여,0,2013,30대
서울서부,남,33539,2013,30대
서울서부,여,9079,2013,30대
서울남부,남,30835,2013,30대
서울남부,여,6959,2013,30대
서울동부,남,26722,2013,30대
서울동부,여,7971,2013,30대
부산,남,20103,2013,30대
부산,여,5424,2013,30대
대구·경북,남,20653,2013,30대
대구·경북,여,5092,2013,30대
인천,남,17502,2013,30대
인천,여,4718,2013,30대
울산,남,8399,2013,30대
울산,여,1693,2013,30대
경기,남,26217,2013,30대
경기,여,4838,2013,30대
강원,남,8850,2013,30대
강원,여,1841,2013,30대
충북,남,7881,2013,30대
충북,여,1282,2013,30대
대전·세종·충남,남,19050,2013,30대
대전·세종·충남,여,3145,2013,30대
전북,남,12369,2013,30대
전북,여,1919,2013,30대
광주·전남,남,22422,2013,30대
광주·전남,여,4009,2013,30대
경남,남,14511,2013,30대
경남,여,1792,2013,30대
제주,남,3374,2013,30대
제주,여,1015,2013,30대
서울중앙,남,0,2013,40대
서울중앙,여,0,2013,40대
서울서부,남,17208,2013,40대
서울서부,여,3793,2013,40대
서울남부,남,14193,2013,40대
서울남부,여,2914,2013,40대
서울동부,남,16021,2013,40대
서울동부,여,4980,2013,40대
부산,남,10098,2013,40대
부산,여,2910,2013,40대
대구·경북,남,10978,2013,40대
대구·경북,여,2634,2013,40대
인천,남,9772,2013,40대
인천,여,2594,2013,40대
울산,남,5296,2013,40대
울산,여,1011,2013,40대
경기,남,14205,2013,40대
경기,여,2369,2013,40대
강원,남,5312,2013,40대
강원,여,1227,2013,40대
충북,남,4368,2013,40대
충북,여,560,2013,40대
대전·세종·충남,남,11323,2013,40대
대전·세종·충남,여,1708,2013,40대
전북,남,5603,2013,40대
전북,여,947,2013,40대
광주·전남,남,9446,2013,40대
광주·전남,여,2276,2013,40대
경남,남,7415,2013,40대
경남,여,1049,2013,40대
제주,남,2002,2013,40대
제주,여,554,2013,40대
서울중앙,남,0,2013,50대
서울중앙,여,0,2013,50대
서울서부,남,6107,2013,50대
서울서부,여,1048,2013,50대
서울남부,남,4525,2013,50대
서울남부,여,869,2013,50대
서울동부,남,6112,2013,50대
서울동부,여,1553,2013,50대
부산,남,4001,2013,50대
부산,여,890,2013,50대
대구·경북,남,4255,2013,50대
대구·경북,여,780,2013,50대
인천,남,4103,2013,50대
인천,여,813,2013,50대
울산,남,2271,2013,50대
울산,여,282,2013,50대
경기,남,5284,2013,50대
경기,여,763,2013,50대
강원,남,2041,2013,50대
강원,여,380,2013,50대
충북,남,1611,2013,50대
충북,여,197,2013,50대
대전·세종·충남,남,3795,2013,50대
대전·세종·충남,여,413,2013,50대
전북,남,1921,2013,50대
전북,여,292,2013,50대
광주·전남,남,3627,2013,50대
광주·전남,여,655,2013,50대
경남,남,2587,2013,50대
경남,여,183,2013,50대
제주,남,664,2013,50대
제주,여,128,2013,50대
서울중앙,남,0,2013,60대
서울중앙,여,0,2013,60대
서울서부,남,1055,2013,60대
서울서부,여,182,2013,60대
서울남부,남,861,2013,60대
서울남부,여,141,2013,60대
서울동부,남,1283,2013,60대
서울동부,여,175,2013,60대
부산,남,525,2013,60대
부산,여,142,2013,60대
대구·경북,남,528,2013,60대
대구·경북,여,69,2013,60대
인천,남,491,2013,60대
인천,여,104,2013,60대
울산,남,216,2013,60대
울산,여,23,2013,60대
경기,남,681,2013,60대
경기,여,83,2013,60대
강원,남,343,2013,60대
강원,여,41,2013,60대
충북,남,257,2013,60대
충북,여,10,2013,60대
대전·세종·충남,남,498,2013,60대
대전·세종·충남,여,40,2013,60대
전북,남,274,2013,60대
전북,여,16,2013,60대
광주·전남,남,302,2013,60대
광주·전남,여,30,2013,60대
경남,남,190,2013,60대
경남,여,9,2013,60대
제주,남,162,2013,60대
제주,여,27,2013,60대
서울중앙,남,0,2014,10대
서울중앙,여,0,2014,10대
서울서부,남,63623,2014,10대
서울서부,여,43910,2014,10대
서울남부,남,33932,2014,10대
서울남부,여,20582,2014,10대
서울동부,남,63058,2014,10대
서울동부,여,49790,2014,10대
부산,남,45358,2014,10대
부산,여,37042,2014,10대
대구·경북,남,52822,2014,10대
대구·경북,여,42523,2014,10대
인천,남,41228,2014,10대
인천,여,33289,2014,10대
울산,남,21921,2014,10대
울산,여,10630,2014,10대
경기,남,39954,2014,10대
경기,여,26624,2014,10대
강원,남,24830,2014,10대
강원,여,15125,2014,10대
충북,남,22311,2014,10대
충북,여,13741,2014,10대
대전·세종·충남,남,52709,2014,10대
대전·세종·충남,여,30467,2014,10대
전북,남,28182,2014,10대
전북,여,20134,2014,10대
광주·전남,남,46698,2014,10대
광주·전남,여,44433,2014,10대
경남,남,38763,2014,10대
경남,여,17914,2014,10대
제주,남,7609,2014,10대
제주,여,8094,2014,10대
서울중앙,남,0,2014,20대
서울중앙,여,0,2014,20대
서울서부,남,108099,2014,20대
서울서부,여,40734,2014,20대
서울남부,남,85941,2014,20대
서울남부,여,28168,2014,20대
서울동부,남,96361,2014,20대
서울동부,여,36191,2014,20대
부산,남,75077,2014,20대
부산,여,30702,2014,20대
대구·경북,남,85317,2014,20대
대구·경북,여,32784,2014,20대
인천,남,49214,2014,20대
인천,여,19368,2014,20대
울산,남,26345,2014,20대
울산,여,7047,2014,20대
경기,남,61530,2014,20대
경기,여,18459,2014,20대
강원,남,56269,2014,20대
강원,여,8948,2014,20대
충북,남,37806,2014,20대
충북,여,9261,2014,20대
대전·세종·충남,남,79862,2014,20대
대전·세종·충남,여,24563,2014,20대
전북,남,41498,2014,20대
전북,여,11776,2014,20대
광주·전남,남,59680,2014,20대
광주·전남,여,25822,2014,20대
경남,남,44546,2014,20대
경남,여,9902,2014,20대
제주,남,8086,2014,20대
제주,여,3872,2014,20대
서울중앙,남,0,2014,30대
서울중앙,여,0,2014,30대
서울서부,남,35853,2014,30대
서울서부,여,9600,2014,30대
서울남부,남,29410,2014,30대
서울남부,여,6609,2014,30대
서울동부,남,27773,2014,30대
서울동부,여,8383,2014,30대
부산,남,20092,2014,30대
부산,여,6036,2014,30대
대구·경북,남,22042,2014,30대
대구·경북,여,5742,2014,30대
인천,남,18075,2014,30대
인천,여,4946,2014,30대
울산,남,11294,2014,30대
울산,여,2024,2014,30대
경기,남,27014,2014,30대
경기,여,5234,2014,30대
강원,남,9798,2014,30대
강원,여,2062,2014,30대
충북,남,7674,2014,30대
충북,여,1487,2014,30대
대전·세종·충남,남,20468,2014,30대
대전·세종·충남,여,3561,2014,30대
전북,남,11431,2014,30대
전북,여,2011,2014,30대
광주·전남,남,18633,2014,30대
광주·전남,여,4542,2014,30대
경남,남,15976,2014,30대
경남,여,2128,2014,30대
제주,남,3807,2014,30대
제주,여,1238,2014,30대
서울중앙,남,0,2014,40대
서울중앙,여,0,2014,40대
서울서부,남,19198,2014,40대
서울서부,여,4248,2014,40대
서울남부,남,15078,2014,40대
서울남부,여,2889,2014,40대
서울동부,남,17730,2014,40대
서울동부,여,5840,2014,40대
부산,남,11150,2014,40대
부산,여,3750,2014,40대
대구·경북,남,12612,2014,40대
대구·경북,여,3249,2014,40대
인천,남,10898,2014,40대
인천,여,2735,2014,40대
울산,남,5743,2014,40대
울산,여,1178,2014,40대
경기,남,16567,2014,40대
경기,여,2764,2014,40대
강원,남,6292,2014,40대
강원,여,1460,2014,40대
충북,남,4723,2014,40대
충북,여,827,2014,40대
대전·세종·충남,남,12884,2014,40대
대전·세종·충남,여,2071,2014,40대
전북,남,6306,2014,40대
전북,여,1293,2014,40대
광주·전남,남,10258,2014,40대
광주·전남,여,2826,2014,40대
경남,남,8932,2014,40대
경남,여,1472,2014,40대
제주,남,2546,2014,40대
제주,여,796,2014,40대
서울중앙,남,0,2014,50대
서울중앙,여,0,2014,50대
서울서부,남,6895,2014,50대
서울서부,여,1189,2014,50대
서울남부,남,4858,2014,50대
서울남부,여,958,2014,50대
서울동부,남,6639,2014,50대
서울동부,여,1835,2014,50대
부산,남,4656,2014,50대
부산,여,1115,2014,50대
대구·경북,남,4983,2014,50대
대구·경북,여,975,2014,50대
인천,남,4468,2014,50대
인천,여,887,2014,50대
울산,남,2610,2014,50대
울산,여,362,2014,50대
경기,남,6095,2014,50대
경기,여,1001,2014,50대
강원,남,2238,2014,50대
강원,여,545,2014,50대
충북,남,1778,2014,50대
충북,여,259,2014,50대
대전·세종·충남,남,4228,2014,50대
대전·세종·충남,여,560,2014,50대
전북,남,2092,2014,50대
전북,여,324,2014,50대
광주·전남,남,3859,2014,50대
광주·전남,여,691,2014,50대
경남,남,2936,2014,50대
경남,여,260,2014,50대
제주,남,886,2014,50대
제주,여,204,2014,50대
서울중앙,남,0,2014,60대
서울중앙,여,0,2014,60대
서울서부,남,1278,2014,60대
서울서부,여,169,2014,60대
서울남부,남,988,2014,60대
서울남부,여,161,2014,60대
서울동부,남,1507,2014,60대
서울동부,여,209,2014,60대
부산,남,661,2014,60대
부산,여,157,2014,60대
대구·경북,남,630,2014,60대
대구·경북,여,86,2014,60대
인천,남,513,2014,60대
인천,여,126,2014,60대
울산,남,233,2014,60대
울산,여,23,2014,60대
경기,남,807,2014,60대
경기,여,157,2014,60대
강원,남,404,2014,60대
강원,여,35,2014,60대
충북,남,302,2014,60대
충북,여,22,2014,60대
대전·세종·충남,남,593,2014,60대
대전·세종·충남,여,51,2014,60대
전북,남,340,2014,60대
전북,여,24,2014,60대
광주·전남,남,327,2014,60대
광주·전남,여,26,2014,60대
경남,남,272,2014,60대
경남,여,15,2014,60대
제주,남,206,2014,60대
제주,여,48,2014,60대
서울중앙,남,0,2015,10대
서울중앙,여,0,2015,10대
서울서부,남,56713,2015,10대
서울서부,여,42213,2015,10대
서울남부,남,31072,2015,10대
서울남부,여,19206,2015,10대
서울동부,남,56976,2015,10대
서울동부,여,43258,2015,10대
부산,남,48798,2015,10대
부산,여,36625,2015,10대
대구·경북,남,49940,2015,10대
대구·경북,여,39241,2015,10대
인천,남,38824,2015,10대
인천,여,30278,2015,10대
울산,남,24046,2015,10대
울산,여,11934,2015,10대
경기,남,41308,2015,10대
경기,여,28302,2015,10대
강원,남,26830,2015,10대
강원,여,17079,2015,10대
충북,남,23493,2015,10대
충북,여,14284,2015,10대
대전·세종·충남,남,53843,2015,10대
대전·세종·충남,여,32451,2015,10대
전북,남,30825,2015,10대
전북,여,19272,2015,10대
광주·전남,남,48222,2015,10대
광주·전남,여,43968,2015,10대
경남,남,34506,2015,10대
경남,여,16183,2015,10대
제주,남,7832,2015,10대
제주,여,8539,2015,10대
서울중앙,남,0,2015,20대
서울중앙,여,0,2015,20대
서울서부,남,107908,2015,20대
서울서부,여,40766,2015,20대
서울남부,남,85139,2015,20대
서울남부,여,27976,2015,20대
서울동부,남,93613,2015,20대
서울동부,여,32743,2015,20대
부산,남,71910,2015,20대
부산,여,31291,2015,20대
대구·경북,남,84503,2015,20대
대구·경북,여,31951,2015,20대
인천,남,48178,2015,20대
인천,여,19255,2015,20대
울산,남,25275,2015,20대
울산,여,7496,2015,20대
경기,남,63689,2015,20대
경기,여,20080,2015,20대
강원,남,68042,2015,20대
강원,여,11767,2015,20대
충북,남,35264,2015,20대
충북,여,8857,2015,20대
대전·세종·충남,남,85806,2015,20대
대전·세종·충남,여,27958,2015,20대
전북,남,43084,2015,20대
전북,여,11198,2015,20대
광주·전남,남,60177,2015,20대
광주·전남,여,27392,2015,20대
경남,남,43771,2015,20대
경남,여,9362,2015,20대
제주,남,9745,2015,20대
제주,여,4102,2015,20대
서울중앙,남,0,2015,30대
서울중앙,여,0,2015,30대
서울서부,남,35545,2015,30대
서울서부,여,10302,2015,30대
서울남부,남,27477,2015,30대
서울남부,여,6715,2015,30대
서울동부,남,27089,2015,30대
서울동부,여,7925,2015,30대
부산,남,19553,2015,30대
부산,여,6028,2015,30대
대구·경북,남,22338,2015,30대
대구·경북,여,5991,2015,30대
인천,남,17300,2015,30대
인천,여,5135,2015,30대
울산,남,10673,2015,30대
울산,여,2197,2015,30대
경기,남,27602,2015,30대
경기,여,5943,2015,30대
강원,남,10908,2015,30대
강원,여,2323,2015,30대
충북,남,7519,2015,30대
충북,여,1556,2015,30대
대전·세종·충남,남,20645,2015,30대
대전·세종·충남,여,4367,2015,30대
전북,남,11374,2015,30대
전북,여,1897,2015,30대
광주·전남,남,17026,2015,30대
광주·전남,여,4388,2015,30대
경남,남,15748,2015,30대
경남,여,2102,2015,30대
제주,남,3869,2015,30대
제주,여,1201,2015,30대
서울중앙,남,0,2015,40대
서울중앙,여,0,2015,40대
서울서부,남,21877,2015,40대
서울서부,여,5416,2015,40대
서울남부,남,15393,2015,40대
서울남부,여,3389,2015,40대
서울동부,남,19471,2015,40대
서울동부,여,6048,2015,40대
부산,남,12263,2015,40대
부산,여,3956,2015,40대
대구·경북,남,14430,2015,40대
대구·경북,여,3974,2015,40대
인천,남,11541,2015,40대
인천,여,3565,2015,40대
울산,남,6805,2015,40대
울산,여,1533,2015,40대
경기,남,18964,2015,40대
경기,여,3762,2015,40대
강원,남,7303,2015,40대
강원,여,1765,2015,40대
충북,남,4954,2015,40대
충북,여,1009,2015,40대
대전·세종·충남,남,14450,2015,40대
대전·세종·충남,여,2898,2015,40대
전북,남,6836,2015,40대
전북,여,1305,2015,40대
광주·전남,남,11267,2015,40대
광주·전남,여,3087,2015,40대
경남,남,8996,2015,40대
경남,여,1507,2015,40대
제주,남,2966,2015,40대
제주,여,853,2015,40대
서울중앙,남,0,2015,50대
서울중앙,여,0,2015,50대
서울서부,남,8016,2015,50대
서울서부,여,1658,2015,50대
서울남부,남,5414,2015,50대
서울남부,여,1136,2015,50대
서울동부,남,7497,2015,50대
서울동부,여,1910,2015,50대
부산,남,5126,2015,50대
부산,여,1349,2015,50대
대구·경북,남,5685,2015,50대
대구·경북,여,1230,2015,50대
인천,남,4891,2015,50대
인천,여,1053,2015,50대
울산,남,2923,2015,50대
울산,여,452,2015,50대
경기,남,6774,2015,50대
경기,여,1233,2015,50대
강원,남,2688,2015,50대
강원,여,595,2015,50대
충북,남,1961,2015,50대
충북,여,330,2015,50대
대전·세종·충남,남,5146,2015,50대
대전·세종·충남,여,799,2015,50대
전북,남,2326,2015,50대
전북,여,358,2015,50대
광주·전남,남,4695,2015,50대
광주·전남,여,842,2015,50대
경남,남,2920,2015,50대
경남,여,323,2015,50대
제주,남,1054,2015,50대
제주,여,240,2015,50대
서울중앙,남,0,2015,60대
서울중앙,여,0,2015,60대
서울서부,남,1601,2015,60대
서울서부,여,272,2015,60대
서울남부,남,1059,2015,60대
서울남부,여,199,2015,60대
서울동부,남,1917,2015,60대
서울동부,여,291,2015,60대
부산,남,883,2015,60대
부산,여,219,2015,60대
대구·경북,남,788,2015,60대
대구·경북,여,156,2015,60대
인천,남,677,2015,60대
인천,여,150,2015,60대
울산,남,363,2015,60대
울산,여,43,2015,60대
경기,남,937,2015,60대
경기,여,154,2015,60대
강원,남,461,2015,60대
강원,여,34,2015,60대
충북,남,384,2015,60대
충북,여,16,2015,60대
대전·세종·충남,남,743,2015,60대
대전·세종·충남,여,58,2015,60대
전북,남,368,2015,60대
전북,여,35,2015,60대
광주·전남,남,422,2015,60대
광주·전남,여,43,2015,60대
경남,남,294,2015,60대
경남,여,12,2015,60대
제주,남,219,2015,60대
제주,여,56,2015,60대
서울중앙,남,0,2016,10대
서울중앙,여,0,2016,10대
서울서부,남,46928,2016,10대
서울서부,여,29317,2016,10대
서울남부,남,31503,2016,10대
서울남부,여,17259,2016,10대
서울동부,남,47668,2016,10대
서울동부,여,32579,2016,10대
부산,남,44058,2016,10대
부산,여,25896,2016,10대
대구·경북,남,49541,2016,10대
대구·경북,여,30784,2016,10대
인천,남,33131,2016,10대
인천,여,22469,2016,10대
울산,남,23160,2016,10대
울산,여,10756,2016,10대
경기,남,38543,2016,10대
경기,여,21622,2016,10대
강원,남,25470,2016,10대
강원,여,12929,2016,10대
충북,남,20506,2016,10대
충북,여,11904,2016,10대
대전·세종·충남,남,52651,2016,10대
대전·세종·충남,여,31071,2016,10대
전북,남,29651,2016,10대
전북,여,15560,2016,10대
광주·전남,남,46587,2016,10대
광주·전남,여,36562,2016,10대
경남,남,32663,2016,10대
경남,여,14200,2016,10대
제주,남,7476,2016,10대
제주,여,6382,2016,10대
서울중앙,남,0,2016,20대
서울중앙,여,0,2016,20대
서울서부,남,95868,2016,20대
서울서부,여,32094,2016,20대
서울남부,남,81817,2016,20대
서울남부,여,25812,2016,20대
서울동부,남,88785,2016,20대
서울동부,여,27165,2016,20대
부산,남,58347,2016,20대
부산,여,23794,2016,20대
대구·경북,남,71720,2016,20대
대구·경북,여,25777,2016,20대
인천,남,43234,2016,20대
인천,여,15247,2016,20대
울산,남,21167,2016,20대
울산,여,6139,2016,20대
경기,남,57020,2016,20대
경기,여,15959,2016,20대
강원,남,71291,2016,20대
강원,여,9358,2016,20대
충북,남,30207,2016,20대
충북,여,7201,2016,20대
대전·세종·충남,남,73378,2016,20대
대전·세종·충남,여,24518,2016,20대
전북,남,38077,2016,20대
전북,여,8903,2016,20대
광주·전남,남,50235,2016,20대
광주·전남,여,22666,2016,20대
경남,남,37740,2016,20대
경남,여,8134,2016,20대
제주,남,7436,2016,20대
제주,여,3307,2016,20대
서울중앙,남,0,2016,30대
서울중앙,여,0,2016,30대
서울서부,남,34530,2016,30대
서울서부,여,10589,2016,30대
서울남부,남,29525,2016,30대
서울남부,여,8225,2016,30대
서울동부,남,27133,2016,30대
서울동부,여,8464,2016,30대
부산,남,20214,2016,30대
부산,여,5941,2016,30대
대구·경북,남,23719,2016,30대
대구·경북,여,6140,2016,30대
인천,남,17917,2016,30대
인천,여,5441,2016,30대
울산,남,10574,2016,30대
울산,여,2271,2016,30대
경기,남,27730,2016,30대
경기,여,6591,2016,30대
강원,남,12638,2016,30대
강원,여,2646,2016,30대
충북,남,7793,2016,30대
충북,여,1733,2016,30대
대전·세종·충남,남,22079,2016,30대
대전·세종·충남,여,4974,2016,30대
전북,남,9762,2016,30대
전북,여,2006,2016,30대
광주·전남,남,17907,2016,30대
광주·전남,여,4965,2016,30대
경남,남,14971,2016,30대
경남,여,2727,2016,30대
제주,남,4249,2016,30대
제주,여,1183,2016,30대
서울중앙,남,0,2016,40대
서울중앙,여,0,2016,40대
서울서부,남,23065,2016,40대
서울서부,여,6081,2016,40대
서울남부,남,18801,2016,40대
서울남부,여,4610,2016,40대
서울동부,남,21553,2016,40대
서울동부,여,6743,2016,40대
부산,남,13572,2016,40대
부산,여,4251,2016,40대
대구·경북,남,16064,2016,40대
대구·경북,여,4333,2016,40대
인천,남,12578,2016,40대
인천,여,3878,2016,40대
울산,남,7241,2016,40대
울산,여,1811,2016,40대
경기,남,22223,2016,40대
경기,여,4741,2016,40대
강원,남,9015,2016,40대
강원,여,2013,2016,40대
충북,남,5487,2016,40대
충북,여,1329,2016,40대
대전·세종·충남,남,16434,2016,40대
대전·세종·충남,여,3366,2016,40대
전북,남,7291,2016,40대
전북,여,1480,2016,40대
광주·전남,남,12274,2016,40대
광주·전남,여,3548,2016,40대
경남,남,10735,2016,40대
경남,여,2017,2016,40대
제주,남,3227,2016,40대
제주,여,885,2016,40대
서울중앙,남,0,2016,50대
서울중앙,여,0,2016,50대
서울서부,남,8723,2016,50대
서울서부,여,1944,2016,50대
서울남부,남,6331,2016,50대
서울남부,여,1633,2016,50대
서울동부,남,8420,2016,50대
서울동부,여,2306,2016,50대
부산,남,5758,2016,50대
부산,여,1632,2016,50대
대구·경북,남,6440,2016,50대
대구·경북,여,1294,2016,50대
인천,남,5483,2016,50대
인천,여,1258,2016,50대
울산,남,3170,2016,50대
울산,여,576,2016,50대
경기,남,7872,2016,50대
경기,여,1567,2016,50대
강원,남,3175,2016,50대
강원,여,651,2016,50대
충북,남,2311,2016,50대
충북,여,369,2016,50대
대전·세종·충남,남,6014,2016,50대
대전·세종·충남,여,1108,2016,50대
전북,남,2498,2016,50대
전북,여,439,2016,50대
광주·전남,남,5607,2016,50대
광주·전남,여,1063,2016,50대
경남,남,3710,2016,50대
경남,여,476,2016,50대
제주,남,1093,2016,50대
제주,여,274,2016,50대
서울중앙,남,0,2016,60대
서울중앙,여,0,2016,60대
서울서부,남,1816,2016,60대
서울서부,여,281,2016,60대
서울남부,남,1342,2016,60대
서울남부,여,286,2016,60대
서울동부,남,2185,2016,60대
서울동부,여,326,2016,60대
부산,남,1117,2016,60대
부산,여,264,2016,60대
대구·경북,남,940,2016,60대
대구·경북,여,143,2016,60대
인천,남,926,2016,60대
인천,여,182,2016,60대
울산,남,405,2016,60대
울산,여,53,2016,60대
경기,남,1204,2016,60대
경기,여,195,2016,60대
강원,남,605,2016,60대
강원,여,60,2016,60대
충북,남,456,2016,60대
충북,여,46,2016,60대
대전·세종·충남,남,801,2016,60대
대전·세종·충남,여,97,2016,60대
전북,남,403,2016,60대
전북,여,34,2016,60대
광주·전남,남,589,2016,60대
광주·전남,여,80,2016,60대
경남,남,317,2016,60대
경남,여,34,2016,60대
제주,남,238,2016,60대
제주,여,56,2016,60대
서울중앙,남,0,2017,10대
서울중앙,여,0,2017,10대
서울서부,남,43565,2017,10대
서울서부,여,27004,2017,10대
서울남부,남,35391,2017,10대
서울남부,여,18732,2017,10대
서울동부,남,50080,2017,10대
서울동부,여,33905,2017,10대
부산,남,42817,2017,10대
부산,여,25794,2017,10대
대구·경북,남,47374,2017,10대
대구·경북,여,29818,2017,10대
인천,남,31190,2017,10대
인천,여,21197,2017,10대
울산,남,22964,2017,10대
울산,여,10036,2017,10대
경기,남,38229,2017,10대
경기,여,21029,2017,10대
강원,남,25971,2017,10대
강원,여,12575,2017,10대
충북,남,21063,2017,10대
충북,여,12329,2017,10대
대전·세종·충남,남,51931,2017,10대
대전·세종·충남,여,32009,2017,10대
전북,남,28172,2017,10대
전북,여,14409,2017,10대
광주·전남,남,49516,2017,10대
광주·전남,여,38125,2017,10대
경남,남,35511,2017,10대
경남,여,14940,2017,10대
제주,남,6955,2017,10대
제주,여,6067,2017,10대
서울중앙,남,0,2017,20대
서울중앙,여,0,2017,20대
서울서부,남,88114,2017,20대
서울서부,여,28956,2017,20대
서울남부,남,87312,2017,20대
서울남부,여,25862,2017,20대
서울동부,남,87711,2017,20대
서울동부,여,25541,2017,20대
부산,남,60373,2017,20대
부산,여,23534,2017,20대
대구·경북,남,72803,2017,20대
대구·경북,여,24236,2017,20대
인천,남,44968,2017,20대
인천,여,14409,2017,20대
울산,남,20838,2017,20대
울산,여,5476,2017,20대
경기,남,59583,2017,20대
경기,여,16017,2017,20대
강원,남,74351,2017,20대
강원,여,9098,2017,20대
충북,남,31859,2017,20대
충북,여,7261,2017,20대
대전·세종·충남,남,73597,2017,20대
대전·세종·충남,여,24905,2017,20대
전북,남,35704,2017,20대
전북,여,8441,2017,20대
광주·전남,남,53383,2017,20대
광주·전남,여,23192,2017,20대
경남,남,35782,2017,20대
경남,여,8375,2017,20대
제주,남,7936,2017,20대
제주,여,3216,2017,20대
서울중앙,남,0,2017,30대
서울중앙,여,0,2017,30대
서울서부,남,34111,2017,30대
서울서부,여,10242,2017,30대
서울남부,남,31889,2017,30대
서울남부,여,9141,2017,30대
서울동부,남,28036,2017,30대
서울동부,여,8652,2017,30대
부산,남,24215,2017,30대
부산,여,6666,2017,30대
대구·경북,남,24679,2017,30대
대구·경북,여,7035,2017,30대
인천,남,18258,2017,30대
인천,여,5940,2017,30대
울산,남,10494,2017,30대
울산,여,2280,2017,30대
경기,남,27866,2017,30대
경기,여,6886,2017,30대
강원,남,12942,2017,30대
강원,여,2739,2017,30대
충북,남,9411,2017,30대
충북,여,1965,2017,30대
대전·세종·충남,남,22666,2017,30대
대전·세종·충남,여,5498,2017,30대
전북,남,11932,2017,30대
전북,여,2122,2017,30대
광주·전남,남,23627,2017,30대
광주·전남,여,5687,2017,30대
경남,남,14846,2017,30대
경남,여,2905,2017,30대
제주,남,5465,2017,30대
제주,여,1356,2017,30대
서울중앙,남,0,2017,40대
서울중앙,여,0,2017,40대
서울서부,남,24650,2017,40대
서울서부,여,6715,2017,40대
서울남부,남,21448,2017,40대
서울남부,여,5334,2017,40대
서울동부,남,23787,2017,40대
서울동부,여,7277,2017,40대
부산,남,15870,2017,40대
부산,여,4988,2017,40대
대구·경북,남,18961,2017,40대
대구·경북,여,5270,2017,40대
인천,남,14096,2017,40대
인천,여,4339,2017,40대
울산,남,7728,2017,40대
울산,여,1844,2017,40대
경기,남,23876,2017,40대
경기,여,5065,2017,40대
강원,남,9678,2017,40대
강원,여,2310,2017,40대
충북,남,6444,2017,40대
충북,여,1567,2017,40대
대전·세종·충남,남,17563,2017,40대
대전·세종·충남,여,3960,2017,40대
전북,남,8010,2017,40대
전북,여,1544,2017,40대
광주·전남,남,13931,2017,40대
광주·전남,여,4231,2017,40대
경남,남,10833,2017,40대
경남,여,2215,2017,40대
제주,남,3721,2017,40대
제주,여,1071,2017,40대
서울중앙,남,0,2017,50대
서울중앙,여,0,2017,50대
서울서부,남,9335,2017,50대
서울서부,여,2269,2017,50대
서울남부,남,7518,2017,50대
서울남부,여,1937,2017,50대
서울동부,남,9338,2017,50대
서울동부,여,2662,2017,50대
부산,남,6989,2017,50대
부산,여,2071,2017,50대
대구·경북,남,7599,2017,50대
대구·경북,여,1686,2017,50대
인천,남,6149,2017,50대
인천,여,1608,2017,50대
울산,남,3428,2017,50대
울산,여,667,2017,50대
경기,남,8842,2017,50대
경기,여,1812,2017,50대
강원,남,3686,2017,50대
강원,여,808,2017,50대
충북,남,2724,2017,50대
충북,여,487,2017,50대
대전·세종·충남,남,6707,2017,50대
대전·세종·충남,여,1126,2017,50대
전북,남,2922,2017,50대
전북,여,470,2017,50대
광주·전남,남,6339,2017,50대
광주·전남,여,1205,2017,50대
경남,남,4002,2017,50대
경남,여,651,2017,50대
제주,남,1394,2017,50대
제주,여,338,2017,50대
서울중앙,남,0,2017,60대
서울중앙,여,0,2017,60대
서울서부,남,2063,2017,60대
서울서부,여,324,2017,60대
서울남부,남,1622,2017,60대
서울남부,여,410,2017,60대
서울동부,남,2375,2017,60대
서울동부,여,422,2017,60대
부산,남,1493,2017,60대
부산,여,395,2017,60대
대구·경북,남,1162,2017,60대
대구·경북,여,151,2017,60대
인천,남,1119,2017,60대
인천,여,260,2017,60대
울산,남,448,2017,60대
울산,여,58,2017,60대
경기,남,1334,2017,60대
경기,여,274,2017,60대
강원,남,739,2017,60대
강원,여,67,2017,60대
충북,남,488,2017,60대
충북,여,46,2017,60대
대전·세종·충남,남,1014,2017,60대
대전·세종·충남,여,136,2017,60대
전북,남,451,2017,60대
전북,여,41,2017,60대
광주·전남,남,871,2017,60대
광주·전남,여,159,2017,60대
경남,남,391,2017,60대
경남,여,44,2017,60대
제주,남,243,2017,60대
제주,여,42,2017,60대
서울중앙,남,36260,2018,10대
서울중앙,여,24058,2018,10대
서울서부,남,0,2018,10대
서울서부,여,0,2018,10대
서울남부,남,30955,2018,10대
서울남부,여,15809,2018,10대
서울동부,남,46981,2018,10대
서울동부,여,31397,2018,10대
부산,남,42584,2018,10대
부산,여,26325,2018,10대
대구·경북,남,48723,2018,10대
대구·경북,여,29847,2018,10대
인천,남,27676,2018,10대
인천,여,19087,2018,10대
울산,남,22098,2018,10대
울산,여,10124,2018,10대
경기,남,31027,2018,10대
경기,여,17087,2018,10대
강원,남,27159,2018,10대
강원,여,11506,2018,10대
충북,남,19361,2018,10대
충북,여,10838,2018,10대
대전·세종·충남,남,52111,2018,10대
대전·세종·충남,여,33004,2018,10대
전북,남,26509,2018,10대
전북,여,13801,2018,10대
광주·전남,남,43565,2018,10대
광주·전남,여,33167,2018,10대
경남,남,34659,2018,10대
경남,여,16606,2018,10대
제주,남,7372,2018,10대
제주,여,4951,2018,10대
서울중앙,남,85725,2018,20대
서울중앙,여,26781,2018,20대
서울서부,남,0,2018,20대
서울서부,여,0,2018,20대
서울남부,남,78871,2018,20대
서울남부,여,23003,2018,20대
서울동부,남,84774,2018,20대
서울동부,여,24578,2018,20대
부산,남,61178,2018,20대
부산,여,24322,2018,20대
대구·경북,남,70615,2018,20대
대구·경북,여,23963,2018,20대
인천,남,40030,2018,20대
인천,여,14013,2018,20대
울산,남,20789,2018,20대
울산,여,5384,2018,20대
경기,남,58539,2018,20대
경기,여,15340,2018,20대
강원,남,78217,2018,20대
강원,여,8564,2018,20대
충북,남,31157,2018,20대
충북,여,7050,2018,20대
대전·세종·충남,남,73499,2018,20대
대전·세종·충남,여,24391,2018,20대
전북,남,32497,2018,20대
전북,여,7649,2018,20대
광주·전남,남,50357,2018,20대
광주·전남,여,21066,2018,20대
경남,남,35812,2018,20대
경남,여,8344,2018,20대
제주,남,7246,2018,20대
제주,여,2569,2018,20대
서울중앙,남,35174,2018,30대
서울중앙,여,10284,2018,30대
서울서부,남,0,2018,30대
서울서부,여,0,2018,30대
서울남부,남,31562,2018,30대
서울남부,여,9353,2018,30대
서울동부,남,29667,2018,30대
서울동부,여,9620,2018,30대
부산,남,25486,2018,30대
부산,여,7238,2018,30대
대구·경북,남,25791,2018,30대
대구·경북,여,7350,2018,30대
인천,남,19254,2018,30대
인천,여,6379,2018,30대
울산,남,9892,2018,30대
울산,여,2334,2018,30대
경기,남,29386,2018,30대
경기,여,7233,2018,30대
강원,남,13058,2018,30대
강원,여,2947,2018,30대
충북,남,9976,2018,30대
충북,여,2123,2018,30대
대전·세종·충남,남,23983,2018,30대
대전·세종·충남,여,6043,2018,30대
전북,남,11419,2018,30대
전북,여,2128,2018,30대
광주·전남,남,25361,2018,30대
광주·전남,여,5552,2018,30대
경남,남,15041,2018,30대
경남,여,3272,2018,30대
제주,남,4617,2018,30대
제주,여,1175,2018,30대
서울중앙,남,25615,2018,40대
서울중앙,여,6950,2018,40대
서울서부,남,0,2018,40대
서울서부,여,0,2018,40대
서울남부,남,22311,2018,40대
서울남부,여,5809,2018,40대
서울동부,남,26023,2018,40대
서울동부,여,8342,2018,40대
부산,남,17548,2018,40대
부산,여,5961,2018,40대
대구·경북,남,21469,2018,40대
대구·경북,여,6004,2018,40대
인천,남,15466,2018,40대
인천,여,4897,2018,40대
울산,남,8701,2018,40대
울산,여,2008,2018,40대
경기,남,25695,2018,40대
경기,여,5550,2018,40대
강원,남,11189,2018,40대
강원,여,2582,2018,40대
충북,남,7306,2018,40대
충북,여,1653,2018,40대
대전·세종·충남,남,20171,2018,40대
대전·세종·충남,여,4545,2018,40대
전북,남,8280,2018,40대
전북,여,1862,2018,40대
광주·전남,남,14189,2018,40대
광주·전남,여,4163,2018,40대
경남,남,12259,2018,40대
경남,여,2660,2018,40대
제주,남,3355,2018,40대
제주,여,1012,2018,40대
서울중앙,남,10391,2018,50대
서울중앙,여,2561,2018,50대
서울서부,남,0,2018,50대
서울서부,여,0,2018,50대
서울남부,남,8307,2018,50대
서울남부,여,2238,2018,50대
서울동부,남,11091,2018,50대
서울동부,여,3345,2018,50대
부산,남,8071,2018,50대
부산,여,2626,2018,50대
대구·경북,남,8710,2018,50대
대구·경북,여,2090,2018,50대
인천,남,7026,2018,50대
인천,여,1833,2018,50대
울산,남,3966,2018,50대
울산,여,752,2018,50대
경기,남,10239,2018,50대
경기,여,2015,2018,50대
강원,남,4238,2018,50대
강원,여,930,2018,50대
충북,남,3183,2018,50대
충북,여,534,2018,50대
대전·세종·충남,남,7717,2018,50대
대전·세종·충남,여,1475,2018,50대
전북,남,3356,2018,50대
전북,여,591,2018,50대
광주·전남,남,6752,2018,50대
광주·전남,여,1432,2018,50대
경남,남,4563,2018,50대
경남,여,839,2018,50대
제주,남,1385,2018,50대
제주,여,306,2018,50대
서울중앙,남,2316,2018,60대
서울중앙,여,462,2018,60대
서울서부,남,0,2018,60대
서울서부,여,0,2018,60대
서울남부,남,1899,2018,60대
서울남부,여,382,2018,60대
서울동부,남,2651,2018,60대
서울동부,여,576,2018,60대
부산,남,1726,2018,60대
부산,여,532,2018,60대
대구·경북,남,1401,2018,60대
대구·경북,여,192,2018,60대
인천,남,1349,2018,60대
인천,여,307,2018,60대
울산,남,560,2018,60대
울산,여,103,2018,60대
경기,남,1507,2018,60대
경기,여,294,2018,60대
강원,남,872,2018,60대
강원,여,97,2018,60대
충북,남,525,2018,60대
충북,여,102,2018,60대
대전·세종·충남,남,1199,2018,60대
대전·세종·충남,여,185,2018,60대
전북,남,429,2018,60대
전북,여,61,2018,60대
광주·전남,남,944,2018,60대
광주·전남,여,195,2018,60대
경남,남,566,2018,60대
경남,여,98,2018,60대
제주,남,244,2018,60대
제주,여,32,2018,60대
서울중앙,남,32574,2019,10대
서울중앙,여,21163,2019,10대
서울서부,남,0,2019,10대
서울서부,여,0,2019,10대
서울남부,남,27756,2019,10대
서울남부,여,13967,2019,10대
서울동부,남,40779,2019,10대
서울동부,여,28177,2019,10대
부산,남,40385,2019,10대
부산,여,24722,2019,10대
대구·경북,남,43955,2019,10대
대구·경북,여,26720,2019,10대
인천,남,25858,2019,10대
인천,여,17796,2019,10대
울산,남,21851,2019,10대
울산,여,10855,2019,10대
경기,남,32679,2019,10대
경기,여,18733,2019,10대
강원,남,24108,2019,10대
강원,여,11033,2019,10대
충북,남,19107,2019,10대
충북,여,11417,2019,10대
대전·세종·충남,남,49213,2019,10대
대전·세종·충남,여,33262,2019,10대
전북,남,27067,2019,10대
전북,여,14636,2019,10대
광주·전남,남,43006,2019,10대
광주·전남,여,32155,2019,10대
경남,남,33967,2019,10대
경남,여,16236,2019,10대
제주,남,7389,2019,10대
제주,여,5541,2019,10대
서울중앙,남,75678,2019,20대
서울중앙,여,24790,2019,20대
서울서부,남,0,2019,20대
서울서부,여,0,2019,20대
서울남부,남,66663,2019,20대
서울남부,여,21327,2019,20대
서울동부,남,72061,2019,20대
서울동부,여,22517,2019,20대
부산,남,55765,2019,20대
부산,여,22158,2019,20대
대구·경북,남,62946,2019,20대
대구·경북,여,21885,2019,20대
인천,남,39663,2019,20대
인천,여,13600,2019,20대
울산,남,20356,2019,20대
울산,여,5952,2019,20대
경기,남,52877,2019,20대
경기,여,15893,2019,20대
강원,남,70871,2019,20대
강원,여,7926,2019,20대
충북,남,27659,2019,20대
충북,여,7250,2019,20대
대전·세종·충남,남,67274,2019,20대
대전·세종·충남,여,24026,2019,20대
전북,남,29244,2019,20대
전북,여,7721,2019,20대
광주·전남,남,47582,2019,20대
광주·전남,여,20237,2019,20대
경남,남,34164,2019,20대
경남,여,8042,2019,20대
제주,남,7127,2019,20대
제주,여,2693,2019,20대
서울중앙,남,34284,2019,30대
서울중앙,여,10688,2019,30대
서울서부,남,0,2019,30대
서울서부,여,0,2019,30대
서울남부,남,31117,2019,30대
서울남부,여,9536,2019,30대
서울동부,남,29728,2019,30대
서울동부,여,9434,2019,30대
부산,남,23919,2019,30대
부산,여,7253,2019,30대
대구·경북,남,25683,2019,30대
대구·경북,여,7034,2019,30대
인천,남,19254,2019,30대
인천,여,6469,2019,30대
울산,남,10298,2019,30대
울산,여,2574,2019,30대
경기,남,30458,2019,30대
경기,여,7868,2019,30대
강원,남,14073,2019,30대
강원,여,3154,2019,30대
충북,남,10611,2019,30대
충북,여,2408,2019,30대
대전·세종·충남,남,25975,2019,30대
대전·세종·충남,여,6988,2019,30대
전북,남,11469,2019,30대
전북,여,2276,2019,30대
광주·전남,남,26044,2019,30대
광주·전남,여,5550,2019,30대
경남,남,14041,2019,30대
경남,여,3186,2019,30대
제주,남,4181,2019,30대
제주,여,1316,2019,30대
서울중앙,남,25887,2019,40대
서울중앙,여,7618,2019,40대
서울서부,남,0,2019,40대
서울서부,여,0,2019,40대
서울남부,남,23031,2019,40대
서울남부,여,6378,2019,40대
서울동부,남,27882,2019,40대
서울동부,여,8810,2019,40대
부산,남,18834,2019,40대
부산,여,6076,2019,40대
대구·경북,남,23009,2019,40대
대구·경북,여,6537,2019,40대
인천,남,17113,2019,40대
인천,여,5634,2019,40대
울산,남,9908,2019,40대
울산,여,2463,2019,40대
경기,남,28709,2019,40대
경기,여,6596,2019,40대
강원,남,12239,2019,40대
강원,여,2802,2019,40대
충북,남,8421,2019,40대
충북,여,2013,2019,40대
대전·세종·충남,남,23012,2019,40대
대전·세종·충남,여,5742,2019,40대
전북,남,9182,2019,40대
전북,여,2093,2019,40대
광주·전남,남,15954,2019,40대
광주·전남,여,4957,2019,40대
경남,남,13208,2019,40대
경남,여,2919,2019,40대
제주,남,3865,2019,40대
제주,여,1211,2019,40대
서울중앙,남,11698,2019,50대
서울중앙,여,3272,2019,50대
서울서부,남,0,2019,50대
서울서부,여,0,2019,50대
서울남부,남,9657,2019,50대
서울남부,여,2689,2019,50대
서울동부,남,12838,2019,50대
서울동부,여,3981,2019,50대
부산,남,8933,2019,50대
부산,여,2967,2019,50대
대구·경북,남,10072,2019,50대
대구·경북,여,2721,2019,50대
인천,남,8485,2019,50대
인천,여,2465,2019,50대
울산,남,5377,2019,50대
울산,여,1057,2019,50대
경기,남,12283,2019,50대
경기,여,2721,2019,50대
강원,남,5132,2019,50대
강원,여,1131,2019,50대
충북,남,3844,2019,50대
충북,여,785,2019,50대
대전·세종·충남,남,9588,2019,50대
대전·세종·충남,여,2028,2019,50대
전북,남,3848,2019,50대
전북,여,755,2019,50대
광주·전남,남,7722,2019,50대
광주·전남,여,1741,2019,50대
경남,남,5224,2019,50대
경남,여,1074,2019,50대
제주,남,1773,2019,50대
제주,여,519,2019,50대
서울중앙,남,2795,2019,60대
서울중앙,여,588,2019,60대
서울서부,남,0,2019,60대
서울서부,여,0,2019,60대
서울남부,남,2096,2019,60대
서울남부,여,517,2019,60대
서울동부,남,2911,2019,60대
서울동부,여,738,2019,60대
부산,남,1947,2019,60대
부산,여,602,2019,60대
대구·경북,남,1625,2019,60대
대구·경북,여,294,2019,60대
인천,남,1629,2019,60대
인천,여,426,2019,60대
울산,남,771,2019,60대
울산,여,137,2019,60대
경기,남,1929,2019,60대
경기,여,424,2019,60대
강원,남,985,2019,60대
강원,여,152,2019,60대
충북,남,621,2019,60대
충북,여,115,2019,60대
대전·세종·충남,남,1437,2019,60대
대전·세종·충남,여,233,2019,60대
전북,남,518,2019,60대
전북,여,94,2019,60대
광주·전남,남,1374,2019,60대
광주·전남,여,283,2019,60대
경남,남,791,2019,60대
경남,여,105,2019,60대
제주,남,316,2019,60대
제주,여,42,2019,60대
서울중앙,남,19752,2020,10대
서울중앙,여,13372,2020,10대
서울서부,남,0,2020,10대
서울서부,여,0,2020,10대
서울남부,남,15050,2020,10대
서울남부,여,7040,2020,10대
서울동부,남,23630,2020,10대
서울동부,여,14867,2020,10대
부산,남,28138,2020,10대
부산,여,16757,2020,10대
대구·경북,남,23789,2020,10대
대구·경북,여,16021,2020,10대
인천,남,16723,2020,10대
인천,여,11232,2020,10대
울산,남,11958,2020,10대
울산,여,5837,2020,10대
경기,남,22913,2020,10대
경기,여,12141,2020,10대
강원,남,15379,2020,10대
강원,여,6141,2020,10대
충북,남,12395,2020,10대
충북,여,6234,2020,10대
대전·세종·충남,남,33315,2020,10대
대전·세종·충남,여,22239,2020,10대
전북,남,21144,2020,10대
전북,여,10745,2020,10대
광주·전남,남,27340,2020,10대
광주·전남,여,20771,2020,10대
경남,남,22928,2020,10대
경남,여,10594,2020,10대
제주,남,6746,2020,10대
제주,여,4411,2020,10대
서울중앙,남,58255,2020,20대
서울중앙,여,24775,2020,20대
서울서부,남,0,2020,20대
서울서부,여,0,2020,20대
서울남부,남,60097,2020,20대
서울남부,여,18878,2020,20대
서울동부,남,70064,2020,20대
서울동부,여,21496,2020,20대
부산,남,49938,2020,20대
부산,여,22020,2020,20대
대구·경북,남,48737,2020,20대
대구·경북,여,19813,2020,20대
인천,남,44042,2020,20대
인천,여,15356,2020,20대
울산,남,17614,2020,20대
울산,여,5491,2020,20대
경기,남,56816,2020,20대
경기,여,17866,2020,20대
강원,남,63135,2020,20대
강원,여,7645,2020,20대
충북,남,24669,2020,20대
충북,여,6408,2020,20대
대전·세종·충남,남,61764,2020,20대
대전·세종·충남,여,23073,2020,20대
전북,남,26799,2020,20대
전북,여,7908,2020,20대
광주·전남,남,43714,2020,20대
광주·전남,여,17989,2020,20대
경남,남,34795,2020,20대
경남,여,9021,2020,20대
제주,남,7581,2020,20대
제주,여,3247,2020,20대
서울중앙,남,32979,2020,30대
서울중앙,여,12109,2020,30대
서울서부,남,0,2020,30대
서울서부,여,0,2020,30대
서울남부,남,29322,2020,30대
서울남부,여,9532,2020,30대
서울동부,남,28715,2020,30대
서울동부,여,9626,2020,30대
부산,남,23435,2020,30대
부산,여,8091,2020,30대
대구·경북,남,25507,2020,30대
대구·경북,여,7948,2020,30대
인천,남,22183,2020,30대
인천,여,7741,2020,30대
울산,남,11520,2020,30대
울산,여,2729,2020,30대
경기,남,33627,2020,30대
경기,여,9796,2020,30대
강원,남,14670,2020,30대
강원,여,3352,2020,30대
충북,남,10668,2020,30대
충북,여,2690,2020,30대
대전·세종·충남,남,29146,2020,30대
대전·세종·충남,여,8758,2020,30대
전북,남,10204,2020,30대
전북,여,2982,2020,30대
광주·전남,남,22303,2020,30대
광주·전남,여,6452,2020,30대
경남,남,16186,2020,30대
경남,여,4179,2020,30대
제주,남,5355,2020,30대
제주,여,1929,2020,30대
서울중앙,남,28475,2020,40대
서울중앙,여,8923,2020,40대
서울서부,남,0,2020,40대
서울서부,여,0,2020,40대
서울남부,남,24961,2020,40대
서울남부,여,6904,2020,40대
서울동부,남,29522,2020,40대
서울동부,여,9093,2020,40대
부산,남,22665,2020,40대
부산,여,7727,2020,40대
대구·경북,남,25820,2020,40대
대구·경북,여,8488,2020,40대
인천,남,22266,2020,40대
인천,여,7354,2020,40대
울산,남,13200,2020,40대
울산,여,3119,2020,40대
경기,남,36859,2020,40대
경기,여,9717,2020,40대
강원,남,15198,2020,40대
강원,여,3913,2020,40대
충북,남,11347,2020,40대
충북,여,2868,2020,40대
대전·세종·충남,남,30474,2020,40대
대전·세종·충남,여,8909,2020,40대
전북,남,11483,2020,40대
전북,여,3243,2020,40대
광주·전남,남,20799,2020,40대
광주·전남,여,6949,2020,40대
경남,남,17388,2020,40대
경남,여,4755,2020,40대
제주,남,5879,2020,40대
제주,여,2046,2020,40대
서울중앙,남,15143,2020,50대
서울중앙,여,4268,2020,50대
서울서부,남,0,2020,50대
서울서부,여,0,2020,50대
서울남부,남,12631,2020,50대
서울남부,여,2982,2020,50대
서울동부,남,15949,2020,50대
서울동부,여,4649,2020,50대
부산,남,11447,2020,50대
부산,여,3938,2020,50대
대구·경북,남,13305,2020,50대
대구·경북,여,4243,2020,50대
인천,남,11844,2020,50대
인천,여,3482,2020,50대
울산,남,8240,2020,50대
울산,여,1476,2020,50대
경기,남,18116,2020,50대
경기,여,4449,2020,50대
강원,남,7434,2020,50대
강원,여,1988,2020,50대
충북,남,5864,2020,50대
충북,여,1428,2020,50대
대전·세종·충남,남,14649,2020,50대
대전·세종·충남,여,3799,2020,50대
전북,남,5920,2020,50대
전북,여,1367,2020,50대
광주·전남,남,11416,2020,50대
광주·전남,여,3130,2020,50대
경남,남,7960,2020,50대
경남,여,1968,2020,50대
제주,남,2960,2020,50대
제주,여,953,2020,50대
서울중앙,남,3228,2020,60대
서울중앙,여,745,2020,60대
서울서부,남,0,2020,60대
서울서부,여,0,2020,60대
서울남부,남,2262,2020,60대
서울남부,여,642,2020,60대
서울동부,남,3310,2020,60대
서울동부,여,867,2020,60대
부산,남,2444,2020,60대
부산,여,702,2020,60대
대구·경북,남,2128,2020,60대
대구·경북,여,574,2020,60대
인천,남,2325,2020,60대
인천,여,526,2020,60대
울산,남,1128,2020,60대
울산,여,206,2020,60대
경기,남,2862,2020,60대
경기,여,740,2020,60대
강원,남,1517,2020,60대
강원,여,298,2020,60대
충북,남,995,2020,60대
충북,여,182,2020,60대
대전·세종·충남,남,2292,2020,60대
대전·세종·충남,여,407,2020,60대
전북,남,802,2020,60대
전북,여,173,2020,60대
광주·전남,남,1927,2020,60대
광주·전남,여,363,2020,60대
경남,남,1148,2020,60대
경남,여,167,2020,60대
제주,남,496,2020,60대
제주,여,70,2020,60대
서울중앙,남,20789,2021,10대
서울중앙,여,11555,2021,10대
서울서부,남,0,2021,10대
서울서부,여,0,2021,10대
서울남부,남,14614,2021,10대
서울남부,여,5931,2021,10대
서울동부,남,22859,2021,10대
서울동부,여,13897,2021,10대
부산,남,30332,2021,10대
부산,여,16376,2021,10대
대구·경북,남,31731,2021,10대
대구·경북,여,18313,2021,10대
인천,남,17492,2021,10대
인천,여,10757,2021,10대
울산,남,14672,2021,10대
울산,여,6618,2021,10대
경기,남,23657,2021,10대
경기,여,12324,2021,10대
강원,남,13922,2021,10대
강원,여,6592,2021,10대
충북,남,14957,2021,10대
충북,여,6920,2021,10대
대전·세종·충남,남,38428,2021,10대
대전·세종·충남,여,23566,2021,10대
전북,남,23115,2021,10대
전북,여,11730,2021,10대
광주·전남,남,33240,2021,10대
광주·전남,여,23529,2021,10대
경남,남,23711,2021,10대
경남,여,10025,2021,10대
제주,남,7576,2021,10대
제주,여,3879,2021,10대
서울중앙,남,55630,2021,20대
서울중앙,여,23129,2021,20대
서울서부,남,0,2021,20대
서울서부,여,0,2021,20대
서울남부,남,51508,2021,20대
서울남부,여,17370,2021,20대
서울동부,남,66136,2021,20대
서울동부,여,22570,2021,20대
부산,남,48071,2021,20대
부산,여,22435,2021,20대
대구·경북,남,56709,2021,20대
대구·경북,여,24379,2021,20대
인천,남,41484,2021,20대
인천,여,15644,2021,20대
울산,남,16904,2021,20대
울산,여,5148,2021,20대
경기,남,54011,2021,20대
경기,여,18947,2021,20대
강원,남,59089,2021,20대
강원,여,8145,2021,20대
충북,남,22231,2021,20대
충북,여,6530,2021,20대
대전·세종·충남,남,56192,2021,20대
대전·세종·충남,여,22728,2021,20대
전북,남,26854,2021,20대
전북,여,7848,2021,20대
광주·전남,남,40942,2021,20대
광주·전남,여,18047,2021,20대
경남,남,32579,2021,20대
경남,여,9436,2021,20대
제주,남,7227,2021,20대
제주,여,3531,2021,20대
서울중앙,남,31211,2021,30대
서울중앙,여,11591,2021,30대
서울서부,남,0,2021,30대
서울서부,여,0,2021,30대
서울남부,남,27033,2021,30대
서울남부,여,9033,2021,30대
서울동부,남,28157,2021,30대
서울동부,여,9811,2021,30대
부산,남,21069,2021,30대
부산,여,7745,2021,30대
대구·경북,남,26075,2021,30대
대구·경북,여,8462,2021,30대
인천,남,22157,2021,30대
인천,여,7718,2021,30대
울산,남,10309,2021,30대
울산,여,2668,2021,30대
경기,남,32414,2021,30대
경기,여,10022,2021,30대
강원,남,13362,2021,30대
강원,여,3222,2021,30대
충북,남,9059,2021,30대
충북,여,2639,2021,30대
대전·세종·충남,남,26077,2021,30대
대전·세종·충남,여,7768,2021,30대
전북,남,8684,2021,30대
전북,여,2578,2021,30대
광주·전남,남,19469,2021,30대
광주·전남,여,5709,2021,30대
경남,남,14042,2021,30대
경남,여,3696,2021,30대
제주,남,4949,2021,30대
제주,여,1908,2021,30대
서울중앙,남,28256,2021,40대
서울중앙,여,9376,2021,40대
서울서부,남,0,2021,40대
서울서부,여,0,2021,40대
서울남부,남,24173,2021,40대
서울남부,여,6907,2021,40대
서울동부,남,29299,2021,40대
서울동부,여,9954,2021,40대
부산,남,21569,2021,40대
부산,여,7653,2021,40대
대구·경북,남,27491,2021,40대
대구·경북,여,9514,2021,40대
인천,남,23254,2021,40대
인천,여,7887,2021,40대
울산,남,12423,2021,40대
울산,여,3259,2021,40대
경기,남,36133,2021,40대
경기,여,10223,2021,40대
강원,남,14442,2021,40대
강원,여,3967,2021,40대
충북,남,10528,2021,40대
충북,여,2947,2021,40대
대전·세종·충남,남,28783,2021,40대
대전·세종·충남,여,8384,2021,40대
전북,남,10705,2021,40대
전북,여,2922,2021,40대
광주·전남,남,20062,2021,40대
광주·전남,여,6845,2021,40대
경남,남,15600,2021,40대
경남,여,4363,2021,40대
제주,남,5928,2021,40대
제주,여,2080,2021,40대
서울중앙,남,15839,2021,50대
서울중앙,여,4713,2021,50대
서울서부,남,0,2021,50대
서울서부,여,0,2021,50대
서울남부,남,13111,2021,50대
서울남부,여,3529,2021,50대
서울동부,남,17390,2021,50대
서울동부,여,5632,2021,50대
부산,남,11734,2021,50대
부산,여,4265,2021,50대
대구·경북,남,14609,2021,50대
대구·경북,여,4816,2021,50대
인천,남,12696,2021,50대
인천,여,4199,2021,50대
울산,남,8040,2021,50대
울산,여,1778,2021,50대
경기,남,19213,2021,50대
경기,여,4867,2021,50대
강원,남,7664,2021,50대
강원,여,1929,2021,50대
충북,남,5899,2021,50대
충북,여,1444,2021,50대
대전·세종·충남,남,14942,2021,50대
대전·세종·충남,여,3628,2021,50대
전북,남,5963,2021,50대
전북,여,1359,2021,50대
광주·전남,남,11934,2021,50대
광주·전남,여,3180,2021,50대
경남,남,7857,2021,50대
경남,여,1923,2021,50대
제주,남,3166,2021,50대
제주,여,1087,2021,50대
서울중앙,남,3597,2021,60대
서울중앙,여,798,2021,60대
서울서부,남,0,2021,60대
서울서부,여,0,2021,60대
서울남부,남,2430,2021,60대
서울남부,여,747,2021,60대
서울동부,남,3794,2021,60대
서울동부,여,1056,2021,60대
부산,남,2736,2021,60대
부산,여,801,2021,60대
대구·경북,남,2540,2021,60대
대구·경북,여,691,2021,60대
인천,남,2765,2021,60대
인천,여,710,2021,60대
울산,남,1494,2021,60대
울산,여,236,2021,60대
경기,남,3174,2021,60대
경기,여,751,2021,60대
강원,남,1634,2021,60대
강원,여,325,2021,60대
충북,남,1150,2021,60대
충북,여,269,2021,60대
대전·세종·충남,남,2459,2021,60대
대전·세종·충남,여,474,2021,60대
전북,남,965,2021,60대
전북,여,192,2021,60대
광주·전남,남,1951,2021,60대
광주·전남,여,390,2021,60대
경남,남,1215,2021,60대
경남,여,200,2021,60대
제주,남,620,2021,60대
제주,여,84,2021,60대
서울중앙,남,18738,2022,10대
서울중앙,여,9990,2022,10대
서울서부,남,0,2022,10대
서울서부,여,0,2022,10대
서울남부,남,14829,2022,10대
서울남부,여,5930,2022,10대
서울동부,남,19366,2022,10대
서울동부,여,12936,2022,10대
부산,남,25956,2022,10대
부산,여,14638,2022,10대
대구·경북,남,28923,2022,10대
대구·경북,여,15907,2022,10대
인천,남,14414,2022,10대
인천,여,9251,2022,10대
울산,남,14303,2022,10대
울산,여,6861,2022,10대
경기,남,19541,2022,10대
경기,여,10725,2022,10대
강원,남,11516,2022,10대
강원,여,5003,2022,10대
충북,남,12325,2022,10대
충북,여,6189,2022,10대
대전·세종·충남,남,31530,2022,10대
대전·세종·충남,여,19798,2022,10대
전북,남,17640,2022,10대
전북,여,9478,2022,10대
광주·전남,남,24353,2022,10대
광주·전남,여,17187,2022,10대
경남,남,18573,2022,10대
경남,여,8013,2022,10대
제주,남,6297,2022,10대
제주,여,3781,2022,10대
서울중앙,남,58065,2022,20대
서울중앙,여,27565,2022,20대
서울서부,남,0,2022,20대
서울서부,여,0,2022,20대
서울남부,남,51132,2022,20대
서울남부,여,19439,2022,20대
서울동부,남,64417,2022,20대
서울동부,여,26436,2022,20대
부산,남,52145,2022,20대
부산,여,26030,2022,20대
대구·경북,남,62086,2022,20대
대구·경북,여,25360,2022,20대
인천,남,42145,2022,20대
인천,여,16926,2022,20대
울산,남,18444,2022,20대
울산,여,6337,2022,20대
경기,남,52829,2022,20대
경기,여,19930,2022,20대
강원,남,49767,2022,20대
강원,여,9341,2022,20대
충북,남,22984,2022,20대
충북,여,7306,2022,20대
대전·세종·충남,남,59708,2022,20대
대전·세종·충남,여,26888,2022,20대
전북,남,25340,2022,20대
전북,여,8898,2022,20대
광주·전남,남,45105,2022,20대
광주·전남,여,23011,2022,20대
경남,남,33282,2022,20대
경남,여,10206,2022,20대
제주,남,7800,2022,20대
제주,여,3464,2022,20대
서울중앙,남,30530,2022,30대
서울중앙,여,13491,2022,30대
서울서부,남,0,2022,30대
서울서부,여,0,2022,30대
서울남부,남,26537,2022,30대
서울남부,여,10314,2022,30대
서울동부,남,28581,2022,30대
서울동부,여,11513,2022,30대
부산,남,21754,2022,30대
부산,여,9497,2022,30대
대구·경북,남,24662,2022,30대
대구·경북,여,8516,2022,30대
인천,남,22434,2022,30대
인천,여,8873,2022,30대
울산,남,10274,2022,30대
울산,여,3210,2022,30대
경기,남,30285,2022,30대
경기,여,10226,2022,30대
강원,남,13069,2022,30대
강원,여,3954,2022,30대
충북,남,9083,2022,30대
충북,여,2872,2022,30대
대전·세종·충남,남,26167,2022,30대
대전·세종·충남,여,8957,2022,30대
전북,남,8753,2022,30대
전북,여,3124,2022,30대
광주·전남,남,19954,2022,30대
광주·전남,여,7992,2022,30대
경남,남,14063,2022,30대
경남,여,4281,2022,30대
제주,남,4615,2022,30대
제주,여,1936,2022,30대
서울중앙,남,27722,2022,40대
서울중앙,여,10347,2022,40대
서울서부,남,0,2022,40대
서울서부,여,0,2022,40대
서울남부,남,24176,2022,40대
서울남부,여,7770,2022,40대
서울동부,남,30354,2022,40대
서울동부,여,11596,2022,40대
부산,남,22946,2022,40대
부산,여,9056,2022,40대
대구·경북,남,26258,2022,40대
대구·경북,여,9892,2022,40대
인천,남,24456,2022,40대
인천,여,9160,2022,40대
울산,남,12100,2022,40대
울산,여,3816,2022,40대
경기,남,34009,2022,40대
경기,여,10338,2022,40대
강원,남,14573,2022,40대
강원,여,5100,2022,40대
충북,남,9930,2022,40대
충북,여,3725,2022,40대
대전·세종·충남,남,29166,2022,40대
대전·세종·충남,여,10191,2022,40대
전북,남,10397,2022,40대
전북,여,3623,2022,40대
광주·전남,남,20331,2022,40대
광주·전남,여,9823,2022,40대
경남,남,16084,2022,40대
경남,여,5227,2022,40대
제주,남,6009,2022,40대
제주,여,2146,2022,40대
서울중앙,남,16412,2022,50대
서울중앙,여,5803,2022,50대
서울서부,남,0,2022,50대
서울서부,여,0,2022,50대
서울남부,남,13514,2022,50대
서울남부,여,4455,2022,50대
서울동부,남,19509,2022,50대
서울동부,여,7593,2022,50대
부산,남,12315,2022,50대
부산,여,5514,2022,50대
대구·경북,남,14422,2022,50대
대구·경북,여,5601,2022,50대
인천,남,13499,2022,50대
인천,여,5483,2022,50대
울산,남,7568,2022,50대
울산,여,2323,2022,50대
경기,남,18847,2022,50대
경기,여,5593,2022,50대
강원,남,7817,2022,50대
강원,여,2654,2022,50대
충북,남,5695,2022,50대
충북,여,2116,2022,50대
대전·세종·충남,남,15789,2022,50대
대전·세종·충남,여,5388,2022,50대
전북,남,5994,2022,50대
전북,여,2198,2022,50대
광주·전남,남,12716,2022,50대
광주·전남,여,5798,2022,50대
경남,남,8727,2022,50대
경남,여,2957,2022,50대
제주,남,3550,2022,50대
제주,여,1282,2022,50대
서울중앙,남,3795,2022,60대
서울중앙,여,1159,2022,60대
서울서부,남,0,2022,60대
서울서부,여,0,2022,60대
서울남부,남,2684,2022,60대
서울남부,여,1061,2022,60대
서울동부,남,4411,2022,60대
서울동부,여,1544,2022,60대
부산,남,3096,2022,60대
부산,여,1224,2022,60대
대구·경북,남,2616,2022,60대
대구·경북,여,911,2022,60대
인천,남,3035,2022,60대
인천,여,1033,2022,60대
울산,남,1494,2022,60대
울산,여,389,2022,60대
경기,남,3429,2022,60대
경기,여,1055,2022,60대
강원,남,1652,2022,60대
강원,여,420,2022,60대
충북,남,1213,2022,60대
충북,여,382,2022,60대
대전·세종·충남,남,2797,2022,60대
대전·세종·충남,여,777,2022,60대
전북,남,1112,2022,60대
전북,여,407,2022,60대
광주·전남,남,2433,2022,60대
광주·전남,여,822,2022,60대
경남,남,1439,2022,60대
경남,여,398,2022,60대
제주,남,717,2022,60대
제주,여,151,2022,60대
